Temperature (K),Pressure (bar),Density (mol/m3),Volume (m3/mol),Internal Energy (kJ/mol),Enthalpy (kJ/mol),Entropy (J/mol*K),Cv (J/mol*K),Cp (J/mol*K),Sound Spd. (m/s),Joule-Thomson (K/bar),Viscosity (uPa*s),Therm. Cond. (W/m*K),Phase,Z
711.7,10.0,170.79,0.0058551,54.438,60.293,136.66,29.736,38.568,645.79,0.6323,26.042,0.060011,vapor,0.9895262756398273
711.7,20.0,345.33,0.0028957,54.255,60.046,130.64,30.171,39.564,642.2,0.63103,26.045,0.060991,vapor,0.9787608192414299
711.7,30.0,523.87,0.0019089,54.067,59.793,127.0,30.628,40.631,638.52,0.62926,26.054,0.062015,vapor,0.9678263603877983
711.7,40.0,706.66,0.0014151,53.874,59.535,124.34,31.106,41.772,634.75,0.627,26.068,0.063085,vapor,0.956621497605793
711.7,50.0,893.99,0.0011186,53.677,59.27,122.2,31.605,42.992,630.9,0.62426,26.089,0.064206,vapor,0.9452307321230301
711.7,60.0,1086.2,0.00092067,53.474,58.998,120.39,32.125,44.298,626.96,0.62105,26.116,0.065382,vapor,0.9335729427609978
711.7,70.0,1283.5,0.00077909,53.266,58.719,118.81,32.668,45.696,622.93,0.61739,26.149,0.066618,vapor,0.9216768599370858
711.7,80.0,1486.5,0.00067273,53.052,58.433,117.39,33.232,47.194,618.81,0.61329,26.19,0.067919,vapor,0.9095441736758463
711.7,90.0,1695.4,0.00058983,52.832,58.14,116.1,33.818,48.8,614.6,0.60876,26.239,0.069292,vapor,0.8971444635353372
711.7,100.0,1910.8,0.00052335,52.606,57.839,114.89,34.426,50.522,610.3,0.60381,26.296,0.070743,vapor,0.8844743494664542
711.7,110.0,2133.0,0.00046882,52.373,57.53,113.76,35.056,52.373,605.9,0.59845,26.361,0.07228,vapor,0.8715490416901679
711.7,120.0,2362.7,0.00042324,52.133,57.212,112.69,35.708,54.363,601.4,0.59268,26.437,0.073912,vapor,0.8583431898381934
711.7,130.0,2600.5,0.00038454,51.886,56.885,111.67,36.383,56.506,596.81,0.58652,26.522,0.07565,vapor,0.8448466537632165
711.7,140.0,2847.1,0.00035124,51.632,56.549,110.68,37.079,58.817,592.11,0.57996,26.619,0.077504,vapor,0.8310459132688187
711.7,150.0,3103.1,0.00032226,51.369,56.203,109.72,37.797,61.314,587.32,0.57302,26.728,0.079489,vapor,0.816940968355
711.7,160.0,3369.4,0.00029679,51.098,55.846,108.78,38.537,64.017,582.42,0.56568,26.85,0.081621,vapor,0.8025318190217604
711.7,170.0,3647.1,0.00027419,50.817,55.479,107.86,39.299,66.947,577.43,0.55796,26.987,0.083916,vapor,0.787759314409768
711.7,180.0,3937.0,0.000254,50.527,55.099,106.96,40.081,70.13,572.33,0.54985,27.14,0.086396,vapor,0.7726792253292497
711.7,190.0,4240.5,0.00023582,50.227,54.707,106.07,40.884,73.597,567.13,0.54134,27.311,0.089086,vapor,0.7572290208717694
711.7,200.0,4558.9,0.00021935,49.915,54.302,105.18,41.705,77.38,561.83,0.53243,27.501,0.092013,vapor,0.7414137711109839
711.7,210.0,4893.6,0.00020435,49.592,53.883,104.29,42.545,81.519,556.44,0.52311,27.714,0.095212,vapor,0.7252486862678644
711.7,220.0,5246.5,0.0001906,49.256,53.449,103.4,43.401,86.059,550.95,0.51336,27.952,0.09872,vapor,0.7086610952866601
711.7,230.0,5619.5,0.00017795,48.906,52.999,102.51,44.272,91.049,545.37,0.50318,28.218,0.10258,vapor,0.6917016989039413
711.7,230.0,5619.5,0.00017795,48.906,52.999,102.51,44.272,91.049,545.37,0.50318,28.218,0.10258,supercritical,0.6917016989039413
711.7,230.0,5619.5,0.00017795,48.906,52.999,102.51,44.272,91.049,545.37,0.50318,28.218,0.10258,supercritical,0.6917016989039413
711.7,240.0,6014.9,0.00016625,48.542,52.532,101.61,45.155,96.549,539.72,0.49255,28.516,0.10685,supercritical,0.6743197963831379
711.7,250.0,6435.3,0.00015539,48.163,52.047,100.71,46.046,102.62,534.0,0.48145,28.85,0.11159,supercritical,0.656532287969773
711.7,260.0,6883.6,0.00014527,47.767,51.544,99.788,46.942,109.35,528.23,0.46985,29.225,0.11686,supercritical,0.6383256534674284
711.7,270.0,7363.3,0.00013581,47.353,51.02,98.854,47.837,116.8,522.44,0.45773,29.648,0.12275,supercritical,0.6197100330234178
711.7,280.0,7878.1,0.00012693,46.92,50.474,97.903,48.725,125.06,516.65,0.44506,30.124,0.12935,supercritical,0.6006414859993803
711.7,290.0,8432.2,0.00011859,46.467,49.906,96.933,49.596,134.21,510.93,0.43178,30.664,0.13674,supercritical,0.5812180338193518
711.7,300.0,9030.5,0.00011074,45.993,49.315,95.941,50.442,144.3,505.32,0.41786,31.275,0.14503,supercritical,0.56145995677796
711.7,310.0,9677.6,0.00010333,45.497,48.7,94.927,51.25,155.36,499.94,0.40325,31.969,0.1543,supercritical,0.5413537346787867
711.7,320.0,10378.0,9.6354e-05,44.979,48.062,93.891,52.004,167.3,494.9,0.38788,32.758,0.16461,supercritical,0.5210900022913353
711.7,330.0,11137.0,8.9792e-05,44.44,47.403,92.834,52.688,179.9,490.39,0.3717,33.651,0.17599,supercritical,0.5007772591918661
711.7,340.0,11955.0,8.3648e-05,43.883,46.727,91.761,53.283,192.7,486.62,0.35471,34.66,0.18838,supercritical,0.48064839076369126
711.7,350.0,12831.0,7.7935e-05,43.311,46.039,90.681,53.772,204.96,483.86,0.33694,35.788,0.2016,supercritical,0.4609922222028058
711.7,360.0,13759.0,7.2678e-05,42.732,45.349,89.606,54.141,215.73,482.39,0.31853,37.034,0.21538,supercritical,0.44217937589353706
711.7,370.0,14727.0,6.7902e-05,42.156,44.669,88.552,54.383,223.96,482.47,0.29975,38.386,0.22935,supercritical,0.4245973744657368
711.7,380.0,15717.0,6.3626e-05,41.593,44.01,87.534,54.499,228.89,484.27,0.28097,39.818,0.24312,supercritical,0.408612108234986
711.7,390.0,16708.0,5.9851e-05,41.052,43.386,86.57,54.496,230.28,487.83,0.26261,41.301,0.25636,supercritical,0.39448367197988976
711.7,400.0,17682.0,5.6555e-05,40.541,42.803,85.67,54.394,228.54,493.09,0.24507,42.799,0.26888,supercritical,0.3823173542300588
711.7,410.0,18622.0,5.3699e-05,40.065,42.266,84.838,54.215,224.44,499.92,0.22859,44.284,0.28059,supercritical,0.3720857765877451
711.7,420.0,19518.0,5.1235e-05,39.625,41.777,84.076,53.982,218.73,508.16,0.21329,45.73,0.29146,supercritical,0.36367131334410596
711.7,430.0,20363.0,4.911e-05,39.221,41.333,83.382,53.715,211.97,517.68,0.19912,47.122,0.30148,supercritical,0.35688755479101847
711.7,440.0,21152.0,4.7277e-05,38.851,40.932,82.751,53.434,204.55,528.29,0.18604,48.446,0.31069,supercritical,0.3515568793480318
711.7,450.0,21885.0,4.5693e-05,38.514,40.57,82.178,53.153,196.81,539.72,0.17397,49.697,0.31912,supercritical,0.3475003134150532
711.7,460.0,22564.0,4.4319e-05,38.207,40.245,81.658,52.885,189.11,551.68,0.16292,50.871,0.32686,supercritical,0.34454091142145293
711.7,470.0,23191.0,4.312e-05,37.926,39.953,81.186,52.635,181.75,563.88,0.15285,51.971,0.334,supercritical,0.34250713587516857
711.7,480.0,23771.0,4.2068e-05,37.669,39.689,80.755,52.405,174.92,576.1,0.14374,53.002,0.34063,supercritical,0.3412605737653635
711.7,490.0,24309.0,4.1137e-05,37.433,39.449,80.359,52.196,168.71,588.17,0.13552,53.969,0.34682,supercritical,0.3406604460468281
711.7,500.0,24810.0,4.0306e-05,37.215,39.23,79.995,52.005,163.12,600.03,0.1281,54.88,0.35263,supercritical,0.3405906480328164
711.7,510.0,25278.0,3.9561e-05,37.012,39.03,79.658,51.83,158.1,611.62,0.12138,55.74,0.35812,supercritical,0.340981212706862
711.7,520.0,25716.0,3.8886e-05,36.824,38.846,79.343,51.67,153.58,622.96,0.11528,56.554,0.36332,supercritical,0.3417351326596602
711.7,530.0,26129.0,3.8272e-05,36.647,38.675,79.05,51.524,149.51,634.04,0.10971,57.328,0.36825,supercritical,0.3428072842356639
711.7,540.0,26518.0,3.771e-05,36.481,38.517,78.774,51.388,145.82,644.88,0.10461,58.066,0.37296,supercritical,0.3441464596909371
711.7,550.0,26887.0,3.7192e-05,36.324,38.37,78.515,51.263,142.45,655.5,0.099913,58.771,0.37745,supercritical,0.34570466232819336
711.7,560.0,27237.0,3.6715e-05,36.176,38.232,78.269,51.146,139.37,665.91,0.095571,59.446,0.38175,supercritical,0.3474758080590443
711.7,570.0,27570.0,3.6271e-05,36.036,38.103,78.037,51.038,136.54,676.12,0.091542,60.093,0.38587,supercritical,0.34940361906589706
711.7,580.0,27887.0,3.5859e-05,35.902,37.982,77.816,50.936,133.92,686.14,0.087792,60.716,0.38984,supercritical,0.3514950244494161
711.7,590.0,28190.0,3.5473e-05,35.775,37.868,77.605,50.841,131.49,695.98,0.084292,61.316,0.39365,supercritical,0.35370642157615134
711.7,600.0,28480.0,3.5112e-05,35.653,37.76,77.404,50.753,129.24,705.64,0.081015,61.895,0.39733,supercritical,0.35604085249029677
711.7,610.0,28758.0,3.4772e-05,35.537,37.658,77.212,50.669,127.13,715.13,0.077942,62.454,0.40089,supercritical,0.358469755776918
711.7,620.0,29025.0,3.4453e-05,35.426,37.562,77.028,50.591,125.17,724.46,0.075053,62.995,0.40432,supercritical,0.36100377859069455
711.7,630.0,29282.0,3.4151e-05,35.319,37.47,76.851,50.517,123.32,733.62,0.072332,63.519,0.40765,supercritical,0.36361097946758747
711.7,640.0,29529.0,3.3865e-05,35.216,37.383,76.681,50.447,121.6,742.62,0.069765,64.028,0.41088,supercritical,0.36628916137567863
711.7,650.0,29767.0,3.3594e-05,35.117,37.3,76.517,50.381,119.97,751.47,0.067339,64.522,0.41402,supercritical,0.36903545127322895
711.7,660.0,29997.0,3.3336e-05,35.021,37.222,76.359,50.319,118.44,760.17,0.065043,65.003,0.41707,supercritical,0.37183514594663325
711.7,670.0,30220.0,3.3091e-05,34.929,37.146,76.207,50.26,117.0,768.72,0.062868,65.471,0.42004,supercritical,0.37469483649164553
711.7,680.0,30435.0,3.2857e-05,34.84,37.074,76.06,50.205,115.64,777.12,0.060803,65.927,0.42294,supercritical,0.3775981296701082
711.7,690.0,30643.0,3.2634e-05,34.754,37.006,75.917,50.152,114.35,785.38,0.058841,66.371,0.42576,supercritical,0.3805506025630439
711.7,700.0,30845.0,3.242e-05,34.67,36.94,75.779,50.102,113.13,793.5,0.056975,66.805,0.42852,supercritical,0.3835341719077426
711.7,710.0,31042.0,3.2215e-05,34.589,36.877,75.645,50.054,111.97,801.49,0.055198,67.23,0.43122,supercritical,0.38655340077049577
711.7,720.0,31232.0,3.2018e-05,34.511,36.816,75.514,50.009,110.87,809.35,0.053503,67.644,0.43385,supercritical,0.38960068404081755
711.7,730.0,31417.0,3.1829e-05,34.434,36.758,75.388,49.966,109.82,817.08,0.051885,68.05,0.43644,supercritical,0.392680077777634
711.7,740.0,31598.0,3.1648e-05,34.36,36.702,75.265,49.925,108.83,824.69,0.050338,68.448,0.43896,supercritical,0.3957956380398703
711.7,750.0,31773.0,3.1473e-05,34.288,36.648,75.145,49.886,107.88,832.18,0.048859,68.838,0.44144,supercritical,0.39892607051816725
711.7,760.0,31944.0,3.1304e-05,34.217,36.597,75.028,49.848,106.97,839.56,0.047443,69.22,0.44388,supercritical,0.402074417256719
711.7,770.0,32111.0,3.1142e-05,34.149,36.547,74.914,49.813,106.11,846.82,0.046085,69.595,0.44627,supercritical,0.4052567334887728
711.7,780.0,32274.0,3.0984e-05,34.082,36.499,74.803,49.779,105.28,853.97,0.044783,69.963,0.44861,supercritical,0.4084370216913637
711.7,790.0,32433.0,3.0832e-05,34.017,36.452,74.695,49.747,104.49,861.02,0.043532,70.325,0.45092,supercritical,0.41164401228188163
711.7,800.0,32589.0,3.0685e-05,33.953,36.408,74.589,49.716,103.73,867.96,0.04233,70.68,0.45319,supercritical,0.414867227108102
711.7,810.0,32741.0,3.0543e-05,33.891,36.365,74.485,49.687,103.0,874.81,0.041174,71.03,0.45542,supercritical,0.4181092012068533
711.7,820.0,32890.0,3.0405e-05,33.83,36.323,74.384,49.658,102.3,881.56,0.040062,71.374,0.45762,supercritical,0.4213586114136349
711.7,830.0,33035.0,3.0271e-05,33.77,36.283,74.284,49.631,101.63,888.21,0.038989,71.713,0.45978,supercritical,0.4246174857579096
711.7,840.0,33178.0,3.0141e-05,33.712,36.244,74.187,49.606,100.98,894.78,0.037956,72.046,0.46191,supercritical,0.4278878522691402
711.7,850.0,33318.0,3.0014e-05,33.655,36.206,74.092,49.581,100.36,901.26,0.036958,72.375,0.46401,supercritical,0.43115737376809465
711.7,860.0,33455.0,2.9891e-05,33.599,36.169,73.999,49.557,99.757,907.65,0.035995,72.699,0.46609,supercritical,0.43444210548802004
711.7,870.0,33589.0,2.9772e-05,33.544,36.134,73.907,49.535,99.178,913.96,0.035065,73.018,0.46813,supercritical,0.4377440754583794
711.7,880.0,33721.0,2.9655e-05,33.49,36.1,73.817,49.513,98.619,920.19,0.034166,73.333,0.47015,supercritical,0.4410355672765143
711.7,890.0,33850.0,2.9542e-05,33.437,36.067,73.729,49.493,98.08,926.34,0.033295,73.644,0.47214,supercritical,0.4443476773941876
711.7,900.0,33977.0,2.9432e-05,33.386,36.035,73.642,49.473,97.558,932.42,0.032453,73.95,0.47411,supercritical,0.4476672236198913
711.7,910.0,34102.0,2.9324e-05,33.335,36.003,73.557,49.454,97.054,938.42,0.031637,74.253,0.47605,supercritical,0.45098034775229606
711.7,920.0,34225.0,2.9219e-05,33.285,35.973,73.474,49.436,96.565,944.35,0.030846,74.552,0.47797,supercritical,0.4543036120320149
711.7,930.0,34345.0,2.9116e-05,33.236,35.944,73.391,49.418,96.093,950.22,0.03008,74.848,0.47987,supercritical,0.45762282025280804
711.7,940.0,34464.0,2.9016e-05,33.188,35.915,73.311,49.402,95.634,956.01,0.029336,75.14,0.48175,supercritical,0.460954872660199
711.7,950.0,34580.0,2.8918e-05,33.14,35.888,73.231,49.386,95.19,961.74,0.028614,75.428,0.48361,supercritical,0.46428523504303765
711.7,960.0,34695.0,2.8823e-05,33.094,35.861,73.153,49.37,94.759,967.4,0.027912,75.714,0.48544,supercritical,0.4676311456517578
711.7,970.0,34808.0,2.8729e-05,33.048,35.835,73.076,49.356,94.341,973.01,0.027231,75.996,0.48726,supercritical,0.47096133903214116
711.7,980.0,34919.0,2.8638e-05,33.003,35.809,73.0,49.342,93.934,978.55,0.026568,76.275,0.48906,supercritical,0.47430944667277936
711.7,990.0,35029.0,2.8548e-05,32.959,35.785,72.925,49.328,93.539,984.03,0.025924,76.551,0.49084,supercritical,0.47764352710963315
711.7,1000.0,35137.0,2.846e-05,32.915,35.761,72.851,49.315,93.155,989.46,0.025297,76.825,0.49261,supercritical,0.4809809875955916
711.7,1010.0,35243.0,2.8374e-05,32.872,35.738,72.779,49.303,92.782,994.82,0.024687,77.095,0.49435,supercritical,0.48432284214538607
711.7,1020.0,35348.0,2.829e-05,32.829,35.715,72.707,49.291,92.418,1000.1,0.024093,77.363,0.49608,supercritical,0.4876701047737481
711.7,1030.0,35451.0,2.8208e-05,32.788,35.693,72.637,49.28,92.065,1005.4,0.023514,77.628,0.4978,supercritical,0.49102378949540904
711.7,1040.0,35553.0,2.8127e-05,32.747,35.672,72.567,49.269,91.72,1010.6,0.02295,77.891,0.4995,supercritical,0.4943673340697559
711.7,1050.0,35653.0,2.8048e-05,32.706,35.651,72.499,49.258,91.384,1015.8,0.0224,78.152,0.50118,supercritical,0.49771899076195397
711.7,1060.0,35753.0,2.797e-05,32.666,35.631,72.431,49.248,91.057,1020.9,0.021864,78.409,0.50285,supercritical,0.50106185932648
711.7,1070.0,35850.0,2.7894e-05,32.627,35.611,72.364,49.239,90.737,1025.9,0.021341,78.665,0.50451,supercritical,0.5044145300334094
711.7,1080.0,35947.0,2.7819e-05,32.588,35.592,72.298,49.23,90.426,1030.9,0.02083,78.918,0.50615,supercritical,0.5077597646323085
711.7,1090.0,36042.0,2.7745e-05,32.549,35.574,72.233,49.221,90.122,1035.9,0.020332,79.169,0.50778,supercritical,0.5110980701305432
711.7,1100.0,36136.0,2.7673e-05,32.511,35.555,72.169,49.213,89.825,1040.8,0.019845,79.418,0.5094,supercritical,0.5144485438055547
711.7,1110.0,36229.0,2.7602e-05,32.474,35.538,72.105,49.205,89.535,1045.7,0.019369,79.665,0.511,supercritical,0.5177934403995434
711.7,1120.0,36321.0,2.7532e-05,32.437,35.521,72.042,49.197,89.252,1050.5,0.018905,79.91,0.51259,supercritical,0.5211332669198752
711.7,1130.0,36412.0,2.7464e-05,32.401,35.504,71.98,49.19,88.975,1055.3,0.01845,80.153,0.51417,supercritical,0.5244876276513569
711.7,1140.0,36501.0,2.7396e-05,32.365,35.488,71.919,49.183,88.704,1060.1,0.018006,80.394,0.51574,supercritical,0.527819004048927
711.7,1150.0,36590.0,2.733e-05,32.329,35.472,71.858,49.176,88.439,1064.8,0.017572,80.633,0.51729,supercritical,0.5311662666772891
711.7,1160.0,36678.0,2.7265e-05,32.294,35.457,71.798,49.17,88.18,1069.4,0.017147,80.87,0.51884,supercritical,0.5345108252663673
711.7,1170.0,36764.0,2.72e-05,32.259,35.442,71.739,49.164,87.927,1074.1,0.016731,81.105,0.52037,supercritical,0.5378334135362651
711.7,1180.0,36850.0,2.7137e-05,32.225,35.427,71.681,49.158,87.679,1078.6,0.016323,81.339,0.5219,supercritical,0.5411739160664178
711.7,1190.0,36934.0,2.7075e-05,32.191,35.413,71.623,49.152,87.436,1083.2,0.015925,81.57,0.52341,supercritical,0.5445132355793839
711.7,1200.0,37018.0,2.7014e-05,32.158,35.4,71.565,49.147,87.198,1087.7,0.015534,81.801,0.52491,supercritical,0.5478518790825289
711.7,1210.0,37101.0,2.6954e-05,32.125,35.386,71.509,49.142,86.965,1092.2,0.015152,82.029,0.52641,supercritical,0.5511903535832188
711.7,1220.0,37183.0,2.6894e-05,32.092,35.373,71.453,49.137,86.737,1096.6,0.014777,82.256,0.52789,supercritical,0.5545085477892806
711.7,1230.0,37264.0,2.6836e-05,32.06,35.361,71.397,49.133,86.513,1101.0,0.01441,82.481,0.52937,supercritical,0.5578480363047018
711.7,1240.0,37344.0,2.6778e-05,32.028,35.348,71.342,49.129,86.293,1105.4,0.01405,82.705,0.53083,supercritical,0.561167920535316
711.7,1250.0,37423.0,2.6721e-05,31.996,35.336,71.288,49.124,86.078,1109.7,0.013697,82.927,0.53229,supercritical,0.5644893257880271
711.7,1260.0,37502.0,2.6665e-05,31.965,35.325,71.234,49.121,85.867,1114.0,0.013351,83.148,0.53374,supercritical,0.5678127590702012
711.7,1270.0,37580.0,2.661e-05,31.934,35.313,71.181,49.117,85.66,1118.3,0.013011,83.367,0.53517,supercritical,0.5711387273892038
711.7,1280.0,37657.0,2.6556e-05,31.903,35.302,71.128,49.114,85.457,1122.6,0.012678,83.585,0.53661,supercritical,0.5744677377524006
711.7,1290.0,37733.0,2.6502e-05,31.873,35.292,71.076,49.11,85.257,1126.8,0.012351,83.802,0.53803,supercritical,0.5777784958504321
711.7,1300.0,37809.0,2.6449e-05,31.843,35.281,71.024,49.107,85.062,1131.0,0.012031,84.017,0.53944,supercritical,0.5810929720024787
711.7,1310.0,37883.0,2.6397e-05,31.813,35.271,70.973,49.104,84.869,1135.1,0.011716,84.231,0.54085,supercritical,0.5844116732159061
711.7,1320.0,37957.0,2.6345e-05,31.784,35.261,70.922,49.102,84.68,1139.2,0.011406,84.443,0.54225,supercritical,0.5877127981739892
711.7,1330.0,38031.0,2.6294e-05,31.755,35.252,70.871,49.099,84.495,1143.3,0.011103,84.655,0.54364,supercritical,0.5910188242032742
711.7,1340.0,38104.0,2.6244e-05,31.726,35.243,70.821,49.097,84.313,1147.4,0.010804,84.865,0.54502,supercritical,0.5943302583111267
711.7,1350.0,38176.0,2.6195e-05,31.697,35.234,70.772,49.095,84.133,1151.4,0.010511,85.073,0.5464,supercritical,0.5976476075049123
711.7,1360.0,38247.0,2.6146e-05,31.669,35.225,70.723,49.093,83.957,1155.4,0.010223,85.281,0.54777,supercritical,0.600948394458085
711.7,1370.0,38318.0,2.6097e-05,31.641,35.217,70.674,49.091,83.784,1159.4,0.0099404,85.487,0.54913,supercritical,0.6042326191706449
711.7,1380.0,38388.0,2.605e-05,31.613,35.208,70.626,49.089,83.614,1163.4,0.0096623,85.692,0.55048,supercritical,0.6075469263202362
711.7,1390.0,38458.0,2.6003e-05,31.586,35.2,70.578,49.087,83.447,1167.3,0.0093889,85.896,0.55183,supercritical,0.6108453472390357
711.7,1400.0,38527.0,2.5956e-05,31.559,35.193,70.531,49.086,83.282,1171.2,0.00912,86.099,0.55317,supercritical,0.614127881927043
711.7,1410.0,38595.0,2.591e-05,31.532,35.185,70.484,49.085,83.12,1175.1,0.0088556,86.301,0.55451,supercritical,0.6174183597304465
711.7,1420.0,38663.0,2.5865e-05,31.505,35.178,70.438,49.083,82.961,1179.0,0.0085956,86.501,0.55583,supercritical,0.6207172876566116
711.7,1430.0,38730.0,2.582e-05,31.479,35.171,70.391,49.082,82.804,1182.8,0.0083398,86.701,0.55716,supercritical,0.6240010053618057
711.7,1440.0,38797.0,2.5775e-05,31.452,35.164,70.346,49.081,82.65,1186.6,0.0080882,86.899,0.55847,supercritical,0.6272695128460287
711.7,1450.0,38863.0,2.5732e-05,31.426,35.158,70.3,49.081,82.498,1190.4,0.0078406,87.097,0.55978,supercritical,0.6305718208212985
711.7,1460.0,38928.0,2.5688e-05,31.401,35.151,70.255,49.08,82.348,1194.2,0.0075969,87.293,0.56109,supercritical,0.6338349202269541
711.7,1470.0,38993.0,2.5645e-05,31.375,35.145,70.21,49.079,82.201,1197.9,0.0073571,87.489,0.56238,supercritical,0.6371079907774684
711.7,1480.0,39058.0,2.5603e-05,31.35,35.139,70.166,49.079,82.056,1201.6,0.007121,87.683,0.56368,supercritical,0.6403915394802072
711.7,1490.0,39122.0,2.5561e-05,31.325,35.133,70.122,49.078,81.913,1205.3,0.0068885,87.877,0.56496,supercritical,0.6436608919767065
711.7,1500.0,39185.0,2.552e-05,31.3,35.128,70.078,49.078,81.772,1209.0,0.0066597,88.069,0.56624,supercritical,0.6469413986352511
711.7,1510.0,39248.0,2.5479e-05,31.275,35.122,70.035,49.078,81.633,1212.6,0.0064343,88.261,0.56752,supercritical,0.6502080470924666
711.7,1520.0,39311.0,2.5438e-05,31.251,35.117,69.992,49.078,81.496,1216.3,0.0062123,88.451,0.56879,supercritical,0.6534608373483528
711.7,1530.0,39373.0,2.5398e-05,31.226,35.112,69.949,49.078,81.362,1219.9,0.0059937,88.641,0.57005,supercritical,0.6567256267785606
711.7,1540.0,39435.0,2.5358e-05,31.202,35.108,69.907,49.078,81.229,1223.5,0.0057782,88.83,0.57131,supercritical,0.6599768960123499
711.7,1550.0,39496.0,2.5319e-05,31.178,35.103,69.865,49.078,81.098,1227.0,0.005566,89.017,0.57256,supercritical,0.6632408404302815
711.7,1560.0,39557.0,2.528e-05,31.155,35.098,69.823,49.078,80.969,1230.6,0.0053569,89.204,0.57381,supercritical,0.666491602656705
711.7,1570.0,39617.0,2.5242e-05,31.131,35.094,69.782,49.079,80.842,1234.1,0.0051508,89.39,0.57506,supercritical,0.6697557160770921
711.7,1580.0,39677.0,2.5204e-05,31.108,35.09,69.741,49.079,80.716,1237.6,0.0049477,89.576,0.57629,supercritical,0.6730069853108812
711.7,1590.0,39736.0,2.5166e-05,31.085,35.086,69.7,49.079,80.592,1241.1,0.0047474,89.76,0.57753,supercritical,0.6762454103580725
711.7,1600.0,39795.0,2.5129e-05,31.062,35.083,69.659,49.08,80.47,1244.6,0.0045501,89.944,0.57876,supercritical,0.6794980316115036
711.7,1610.0,39854.0,2.5092e-05,31.039,35.079,69.619,49.081,80.35,1248.0,0.0043554,90.126,0.57998,supercritical,0.6827381466832474
711.7,1620.0,39912.0,2.5055e-05,31.017,35.076,69.579,49.081,80.231,1251.5,0.0041635,90.308,0.5812,supercritical,0.6859657555733037
711.7,1630.0,39969.0,2.5019e-05,30.994,35.072,69.539,49.082,80.114,1254.9,0.0039743,90.489,0.58242,supercritical,0.689208405681876
711.7,1640.0,40027.0,2.4983e-05,30.972,35.069,69.499,49.083,79.998,1258.3,0.0037877,90.67,0.58363,supercritical,0.6924388876136716
711.7,1650.0,40084.0,2.4948e-05,30.95,35.066,69.46,49.084,79.884,1261.6,0.0036036,90.849,0.58483,supercritical,0.6956850867738036
711.7,1660.0,40140.0,2.4913e-05,30.928,35.063,69.421,49.085,79.771,1265.0,0.003422,91.028,0.58603,supercritical,0.6989194557620694
711.7,1670.0,40196.0,2.4878e-05,30.906,35.061,69.383,49.086,79.66,1268.4,0.0032428,91.206,0.58723,supercritical,0.7021419945784688
711.7,1680.0,40252.0,2.4843e-05,30.885,35.058,69.344,49.087,79.55,1271.7,0.0030661,91.383,0.58842,supercritical,0.7053527032230018
711.7,1690.0,40308.0,2.4809e-05,30.863,35.056,69.306,49.088,79.442,1275.0,0.0028917,91.56,0.58961,supercritical,0.708580143110603
711.7,1700.0,40363.0,2.4775e-05,30.842,35.054,69.268,49.089,79.335,1278.3,0.0027196,91.736,0.5908,supercritical,0.7117960908312484
711.7,1710.0,40417.0,2.4742e-05,30.821,35.052,69.23,49.091,79.229,1281.6,0.0025497,91.911,0.59198,supercritical,0.7150294458047828
711.7,1720.0,40472.0,2.4709e-05,30.8,35.05,69.193,49.092,79.124,1284.8,0.002382,92.085,0.59315,supercritical,0.7182516466162717
711.7,1730.0,40526.0,2.4676e-05,30.779,35.048,69.155,49.093,79.021,1288.1,0.0022165,92.259,0.59432,supercritical,0.7214626932657151
711.7,1740.0,40580.0,2.4643e-05,30.758,35.046,69.118,49.095,78.919,1291.3,0.0020532,92.432,0.59549,supercritical,0.7246625857531134
711.7,1750.0,40633.0,2.4611e-05,30.738,35.045,69.082,49.096,78.819,1294.5,0.0018919,92.604,0.59665,supercritical,0.7278808995081318
711.7,1760.0,40686.0,2.4579e-05,30.717,35.043,69.045,49.098,78.719,1297.7,0.0017326,92.776,0.59781,supercritical,0.7310883971060154
711.7,1770.0,40739.0,2.4547e-05,30.697,35.042,69.009,49.099,78.621,1300.9,0.0015753,92.947,0.59897,supercritical,0.7342850785467642
711.7,1780.0,40791.0,2.4515e-05,30.677,35.041,68.973,49.101,78.524,1304.1,0.0014201,93.117,0.60012,supercritical,0.7374709438303778
711.7,1790.0,40843.0,2.4484e-05,30.657,35.04,68.937,49.103,78.428,1307.3,0.0012667,93.286,0.60127,supercritical,0.7406762443963434
711.7,1800.0,40895.0,2.4453e-05,30.637,35.039,68.901,49.104,78.333,1310.4,0.0011152,93.455,0.60242,supercritical,0.7438710668100844
711.7,1810.0,40946.0,2.4422e-05,30.617,35.038,68.866,49.106,78.239,1313.5,0.00096558,93.624,0.60356,supercritical,0.747055411071601
711.7,1820.0,40997.0,2.4392e-05,30.598,35.037,68.83,49.108,78.147,1316.6,0.00081777,93.791,0.6047,supercritical,0.7502600356277456
711.7,1830.0,41048.0,2.4362e-05,30.578,35.037,68.795,49.11,78.055,1319.7,0.00067174,93.958,0.60583,supercritical,0.7534545200365762
711.7,1840.0,41099.0,2.4332e-05,30.559,35.036,68.76,49.112,77.965,1322.8,0.00052747,94.125,0.60696,supercritical,0.7566388642980927
711.7,1850.0,41149.0,2.4302e-05,30.54,35.036,68.726,49.114,77.875,1325.9,0.00038493,94.29,0.60809,supercritical,0.7598130684122952
711.7,1860.0,41199.0,2.4273e-05,30.521,35.035,68.691,49.116,77.786,1328.9,0.00024407,94.456,0.60921,supercritical,0.7630085668358573
711.7,1870.0,41248.0,2.4243e-05,30.502,35.035,68.657,49.118,77.699,1332.0,0.00010487,94.62,0.61033,supercritical,0.7661626596578871
711.7,1880.0,41298.0,2.4214e-05,30.483,35.035,68.623,49.12,77.612,1335.0,-3.2699e-05,94.784,0.61145,supercritical,0.7693383847941866
711.7,1890.0,41347.0,2.4186e-05,30.464,35.035,68.589,49.122,77.527,1338.0,-0.00016867,94.948,0.61256,supercritical,0.7725362492521218
711.7,1900.0,41396.0,2.4157e-05,30.446,35.036,68.555,49.124,77.442,1341.0,-0.00030306,95.11,0.61367,supercritical,0.7756925391060696
711.7,1910.0,41444.0,2.4129e-05,30.427,35.036,68.522,49.126,77.358,1344.0,-0.0004359,95.273,0.61478,supercritical,0.7788713062865634
711.7,1920.0,41492.0,2.4101e-05,30.409,35.036,68.488,49.128,77.275,1347.0,-0.00056723,95.434,0.61588,supercritical,0.7820406093295642
711.7,1930.0,41540.0,2.4073e-05,30.391,35.037,68.455,49.13,77.193,1350.0,-0.00069707,95.595,0.61698,supercritical,0.7852004482350718
711.7,1940.0,41588.0,2.4045e-05,30.373,35.037,68.422,49.132,77.112,1352.9,-0.00082543,95.756,0.61808,supercritical,0.7883508230030865
711.7,1950.0,41635.0,2.4018e-05,30.354,35.038,68.389,49.135,77.032,1355.9,-0.00095236,95.916,0.61917,supercritical,0.7915246891123785
711.7,1960.0,41683.0,2.3991e-05,30.337,35.039,68.357,49.137,76.952,1358.8,-0.0010779,96.075,0.62027,supercritical,0.7946894290890879
711.7,1970.0,41730.0,2.3964e-05,30.319,35.04,68.324,49.139,76.874,1361.7,-0.001202,96.234,0.62135,supercritical,0.7978450429332148
711.7,1980.0,41776.0,2.3937e-05,30.301,35.041,68.292,49.142,76.796,1364.6,-0.0013247,96.392,0.62244,supercritical,0.8009915306447588
711.7,1990.0,41823.0,2.391e-05,30.284,35.042,68.26,49.144,76.719,1367.5,-0.0014461,96.55,0.62352,supercritical,0.8041288922237204
711.7,2000.0,41869.0,2.3884e-05,30.266,35.043,68.228,49.146,76.643,1370.4,-0.0015662,96.707,0.6246,supercritical,0.8072909281611461
711.7,2010.0,41915.0,2.3858e-05,30.249,35.044,68.196,49.149,76.567,1373.3,-0.0016849,96.864,0.62568,supercritical,0.8104441759708998
711.7,2020.0,41961.0,2.3832e-05,30.231,35.045,68.165,49.151,76.492,1376.1,-0.0018024,97.02,0.62675,supercritical,0.8135886356529811
711.7,2030.0,42006.0,2.3806e-05,30.214,35.047,68.133,49.154,76.419,1379.0,-0.0019186,97.176,0.62782,supercritical,0.8167243072073902
711.7,2040.0,42051.0,2.378e-05,30.197,35.048,68.102,49.156,76.345,1381.8,-0.0020336,97.331,0.62889,supercritical,0.8198511906341273
711.7,2050.0,42097.0,2.3755e-05,30.18,35.05,68.071,49.159,76.273,1384.6,-0.0021473,97.486,0.62995,supercritical,0.8230039314365151
711.7,2060.0,42141.0,2.373e-05,30.163,35.052,68.04,49.161,76.201,1387.5,-0.0022599,97.64,0.63101,supercritical,0.8261482221161413
711.7,2070.0,42186.0,2.3705e-05,30.147,35.053,68.009,49.164,76.13,1390.3,-0.0023712,97.793,0.63207,supercritical,0.8292840626730058
711.7,2080.0,42230.0,2.368e-05,30.13,35.055,67.978,49.166,76.06,1393.1,-0.0024814,97.947,0.63313,supercritical,0.8324114531071085
711.7,2090.0,42274.0,2.3655e-05,30.113,35.057,67.948,49.169,75.99,1395.8,-0.0025905,98.099,0.63418,supercritical,0.8355303934184494
711.7,2100.0,42318.0,2.363e-05,30.097,35.059,67.917,49.171,75.921,1398.6,-0.0026984,98.251,0.63523,supercritical,0.8386408836070289
711.7,2110.0,42362.0,2.3606e-05,30.08,35.061,67.887,49.174,75.853,1401.4,-0.0028052,98.403,0.63628,supercritical,0.8417785831909008
711.7,2120.0,42406.0,2.3582e-05,30.064,35.063,67.857,49.177,75.785,1404.1,-0.0029109,98.554,0.63733,supercritical,0.8449081706569217
711.7,2130.0,42449.0,2.3558e-05,30.048,35.066,67.827,49.179,75.718,1406.9,-0.0030156,98.705,0.63837,supercritical,0.8480296460050912
711.7,2140.0,42492.0,2.3534e-05,30.032,35.068,67.797,49.182,75.651,1409.6,-0.0031191,98.855,0.63941,supercritical,0.8511430092354095
711.7,2150.0,42535.0,2.351e-05,30.016,35.07,67.767,49.185,75.586,1412.3,-0.0032217,99.005,0.64045,supercritical,0.8542482603478766
711.7,2160.0,42577.0,2.3487e-05,30.0,35.073,67.738,49.188,75.521,1415.0,-0.0033232,99.154,0.64149,supercritical,0.8573819038728231
711.7,2170.0,42620.0,2.3463e-05,29.984,35.075,67.708,49.19,75.456,1417.7,-0.0034237,99.303,0.64252,supercritical,0.8604710997520428
711.7,2180.0,42662.0,2.344e-05,29.968,35.078,67.679,49.193,75.392,1420.4,-0.0035231,99.452,0.64355,supercritical,0.8635890260486526
711.7,2190.0,42704.0,2.3417e-05,29.952,35.081,67.65,49.196,75.329,1423.1,-0.0036216,99.6,0.64458,supercritical,0.8666991782323216
711.7,2200.0,42746.0,2.3394e-05,29.937,35.083,67.621,49.199,75.266,1425.8,-0.0037192,99.747,0.6456,supercritical,0.8698015563030497
711.7,2210.0,42788.0,2.3371e-05,29.921,35.086,67.592,49.201,75.203,1428.4,-0.0038157,99.894,0.64662,supercritical,0.872896160260837
711.7,2220.0,42829.0,2.3349e-05,29.906,35.089,67.563,49.204,75.142,1431.1,-0.0039114,100.04,0.64765,supercritical,0.8760205086507455
711.7,2230.0,42871.0,2.3326e-05,29.891,35.092,67.535,49.207,75.081,1433.7,-0.0040061,100.19,0.64866,supercritical,0.8790997333851067
711.7,2240.0,42912.0,2.3304e-05,29.875,35.095,67.506,49.21,75.02,1436.3,-0.0040999,100.33,0.64968,supercritical,0.8822090405564993
711.7,2250.0,42953.0,2.3281e-05,29.86,35.098,67.478,49.213,74.96,1439.0,-0.0041927,100.48,0.65069,supercritical,0.8852728860674342
711.7,2260.0,42993.0,2.3259e-05,29.845,35.102,67.45,49.216,74.9,1441.6,-0.0042847,100.62,0.6517,supercritical,0.888367152020311
711.7,2270.0,43034.0,2.3237e-05,29.83,35.105,67.422,49.219,74.841,1444.2,-0.0043759,100.77,0.65271,supercritical,0.8914539818651577
711.7,2280.0,43074.0,2.3216e-05,29.815,35.108,67.394,49.221,74.783,1446.8,-0.0044661,100.91,0.65372,supercritical,0.8945719081617673
711.7,2290.0,43114.0,2.3194e-05,29.8,35.111,67.366,49.224,74.725,1449.4,-0.0045555,101.06,0.65472,supercritical,0.8976440347930086
711.7,2300.0,43155.0,2.3173e-05,29.785,35.115,67.338,49.227,74.667,1451.9,-0.0046441,101.2,0.65573,supercritical,0.9007475958809235
711.7,2310.0,43194.0,2.3151e-05,29.77,35.118,67.31,49.23,74.61,1454.5,-0.0047318,101.34,0.65673,supercritical,0.9038050192985593
711.7,2320.0,43234.0,2.313e-05,29.756,35.122,67.283,49.233,74.554,1457.1,-0.0048187,101.48,0.65772,supercritical,0.9068942151777792
711.7,2330.0,43274.0,2.3109e-05,29.741,35.126,67.255,49.236,74.498,1459.6,-0.0049048,101.63,0.65872,supercritical,0.9099763129538793
711.7,2340.0,43313.0,2.3088e-05,29.727,35.129,67.228,49.239,74.442,1462.2,-0.0049902,101.77,0.65971,supercritical,0.9130513126268595
711.7,2350.0,43352.0,2.3067e-05,29.712,35.133,67.201,49.242,74.387,1464.7,-0.0050747,101.91,0.6607,supercritical,0.9161192141967199
711.7,2360.0,43391.0,2.3046e-05,29.698,35.137,67.174,49.245,74.333,1467.2,-0.0051584,102.05,0.66169,supercritical,0.9191800176634606
711.7,2370.0,43430.0,2.3026e-05,29.684,35.141,67.147,49.248,74.279,1469.7,-0.0052414,102.19,0.66268,supercritical,0.9222737766089718
711.7,2380.0,43469.0,2.3005e-05,29.669,35.145,67.12,49.251,74.225,1472.3,-0.0053237,102.33,0.66366,supercritical,0.925320552871928
711.7,2390.0,43507.0,2.2985e-05,29.655,35.149,67.093,49.254,74.172,1474.8,-0.0054052,102.47,0.66465,supercritical,0.9284006226185653
711.7,2400.0,43545.0,2.2965e-05,29.641,35.153,67.067,49.257,74.119,1477.3,-0.005486,102.61,0.66563,supercritical,0.9314739322669933
711.7,2410.0,43584.0,2.2944e-05,29.627,35.157,67.04,49.26,74.066,1479.7,-0.005566,102.75,0.66661,supercritical,0.9344997522255003
711.7,2420.0,43622.0,2.2924e-05,29.613,35.161,67.014,49.263,74.014,1482.2,-0.0056453,102.89,0.66758,supercritical,0.9375593726750544
711.7,2430.0,43660.0,2.2904e-05,29.599,35.165,66.988,49.266,73.963,1484.7,-0.005724,103.02,0.66856,supercritical,0.9406122330263988
711.7,2440.0,43697.0,2.2885e-05,29.585,35.169,66.961,49.269,73.912,1487.1,-0.0058019,103.16,0.66953,supercritical,0.9436995698786111
711.7,2450.0,43735.0,2.2865e-05,29.572,35.174,66.935,49.272,73.861,1489.6,-0.0058791,103.3,0.6705,supercritical,0.9467390790359923
711.7,2460.0,43772.0,2.2846e-05,29.558,35.178,66.909,49.276,73.811,1492.0,-0.0059557,103.44,0.67147,supercritical,0.9498134026991517
711.7,2470.0,43810.0,2.2826e-05,29.544,35.182,66.884,49.279,73.761,1494.5,-0.0060316,103.57,0.67243,supercritical,0.9528395606625694
711.7,2480.0,43847.0,2.2807e-05,29.531,35.187,66.858,49.282,73.711,1496.9,-0.0061068,103.71,0.6734,supercritical,0.9559008711366758
711.7,2490.0,43884.0,2.2788e-05,29.517,35.191,66.832,49.285,73.662,1499.3,-0.0061814,103.84,0.67436,supercritical,0.958955759517483
711.7,2500.0,43921.0,2.2768e-05,29.504,35.196,66.807,49.288,73.613,1501.8,-0.0062554,103.98,0.67532,supercritical,0.9619619751911832
711.7,2510.0,43957.0,2.2749e-05,29.491,35.201,66.781,49.291,73.565,1504.2,-0.0063287,104.11,0.67628,supercritical,0.9650038503829376
711.7,2520.0,43994.0,2.2731e-05,29.477,35.205,66.756,49.294,73.517,1506.6,-0.0064014,104.25,0.67724,supercritical,0.968081892100112
711.7,2530.0,44030.0,2.2712e-05,29.464,35.21,66.73,49.297,73.469,1509.0,-0.0064734,104.38,0.67819,supercritical,0.9711110921077238
711.7,2540.0,44066.0,2.2693e-05,29.451,35.215,66.705,49.3,73.422,1511.3,-0.0065449,104.52,0.67914,supercritical,0.9741338700220369
711.7,2550.0,44103.0,2.2674e-05,29.438,35.22,66.68,49.304,73.375,1513.7,-0.0066157,104.65,0.6801,supercritical,0.977150225843051
711.7,2560.0,44139.0,2.2656e-05,29.425,35.225,66.655,49.307,73.329,1516.1,-0.006686,104.78,0.68104,supercritical,0.9802034241993062
711.7,2570.0,44174.0,2.2638e-05,29.412,35.229,66.63,49.31,73.283,1518.5,-0.0067556,104.92,0.68199,supercritical,0.9832505384671726
711.7,2580.0,44210.0,2.2619e-05,29.399,35.234,66.605,49.313,73.237,1520.8,-0.0068247,105.05,0.68294,supercritical,0.9862479660132006
711.7,2590.0,44246.0,2.2601e-05,29.386,35.239,66.581,49.316,73.191,1523.2,-0.0068932,105.18,0.68388,supercritical,0.9892827431018352
711.7,2600.0,44281.0,2.2583e-05,29.373,35.245,66.556,49.319,73.146,1525.5,-0.0069612,105.31,0.68482,supercritical,0.9923114361020814
711.7,2610.0,44316.0,2.2565e-05,29.36,35.25,66.532,49.323,73.101,1527.8,-0.0070285,105.45,0.68576,supercritical,0.9953340450139392
711.7,2620.0,44352.0,2.2547e-05,29.347,35.255,66.507,49.326,73.057,1530.2,-0.0070954,105.58,0.6867,supercritical,0.9983505698374086
711.7,2630.0,44387.0,2.2529e-05,29.335,35.26,66.483,49.329,73.013,1532.5,-0.0071616,105.71,0.68764,supercritical,1.0013610105724895
711.7,2640.0,44422.0,2.2512e-05,29.322,35.265,66.458,49.332,72.969,1534.8,-0.0072274,105.84,0.68857,supercritical,1.0044099838673637
711.7,2650.0,44456.0,2.2494e-05,29.31,35.271,66.434,49.335,72.926,1537.1,-0.0072926,105.97,0.68951,supercritical,1.0074084254281228
711.7,2660.0,44491.0,2.2476e-05,29.297,35.276,66.41,49.338,72.882,1539.4,-0.0073572,106.1,0.69044,supercritical,1.0104007829004937
711.7,2670.0,44526.0,2.2459e-05,29.285,35.281,66.386,49.342,72.84,1541.7,-0.0074214,106.23,0.69137,supercritical,1.0134321799400237
711.7,2680.0,44560.0,2.2442e-05,29.272,35.287,66.362,49.345,72.797,1544.0,-0.007485,106.36,0.6923,supercritical,1.0164578308960757
711.7,2690.0,44594.0,2.2424e-05,29.26,35.292,66.338,49.348,72.755,1546.3,-0.0075481,106.49,0.69322,supercritical,1.0194322741081918
711.7,2700.0,44628.0,2.2407e-05,29.248,35.298,66.315,49.351,72.713,1548.6,-0.0076107,106.62,0.69415,supercritical,1.0224462638948326
711.7,2710.0,44662.0,2.239e-05,29.236,35.303,66.291,49.354,72.671,1550.8,-0.0076729,106.74,0.69507,supercritical,1.0254545075979955
711.7,2720.0,44696.0,2.2373e-05,29.223,35.309,66.267,49.358,72.63,1553.1,-0.0077345,106.87,0.69599,supercritical,1.0284570052176805
711.7,2730.0,44730.0,2.2356e-05,29.211,35.314,66.244,49.361,72.589,1555.3,-0.0077956,107.0,0.69691,supercritical,1.0314537567538873
711.7,2740.0,44764.0,2.2339e-05,29.199,35.32,66.221,49.364,72.548,1557.6,-0.0078563,107.13,0.69783,supercritical,1.0344447622066164
711.7,2750.0,44797.0,2.2323e-05,29.187,35.326,66.197,49.367,72.508,1559.8,-0.0079165,107.25,0.69875,supercritical,1.0374764972510566
711.7,2760.0,44831.0,2.2306e-05,29.175,35.332,66.174,49.371,72.468,1562.1,-0.0079762,107.38,0.69966,supercritical,1.040456179539285
711.7,2770.0,44864.0,2.2289e-05,29.163,35.337,66.151,49.374,72.428,1564.3,-0.0080354,107.51,0.70057,supercritical,1.0434301157440355
711.7,2780.0,44897.0,2.2273e-05,29.151,35.343,66.128,49.377,72.388,1566.5,-0.0080942,107.63,0.70149,supercritical,1.0464452885478628
711.7,2790.0,44931.0,2.2257e-05,29.14,35.349,66.105,49.38,72.349,1568.7,-0.0081525,107.76,0.7024,supercritical,1.049455053273123
711.7,2800.0,44964.0,2.224e-05,29.128,35.355,66.082,49.384,72.31,1571.0,-0.0082104,107.88,0.7033,supercritical,1.0524120892323499
711.7,2810.0,44996.0,2.2224e-05,29.116,35.361,66.059,49.387,72.271,1573.2,-0.0082679,108.01,0.70421,supercritical,1.0554108687980197
711.7,2820.0,45029.0,2.2208e-05,29.104,35.367,66.036,49.39,72.232,1575.4,-0.0083249,108.13,0.70512,supercritical,1.0584042402851221
711.7,2830.0,45062.0,2.2192e-05,29.093,35.373,66.013,49.393,72.194,1577.6,-0.0083814,108.26,0.70602,supercritical,1.061392203693657
711.7,2840.0,45094.0,2.2176e-05,29.081,35.379,65.991,49.396,72.156,1579.7,-0.0084376,108.38,0.70692,supercritical,1.064374759023624
711.7,2850.0,45127.0,2.216e-05,29.07,35.385,65.968,49.4,72.118,1581.9,-0.0084933,108.51,0.70782,supercritical,1.067351906275024
711.7,2860.0,45159.0,2.2144e-05,29.058,35.391,65.946,49.403,72.081,1584.1,-0.0085486,108.63,0.70872,supercritical,1.0703236454478564
711.7,2870.0,45191.0,2.2128e-05,29.047,35.398,65.923,49.406,72.044,1586.3,-0.0086034,108.75,0.70962,supercritical,1.073289976542121
711.7,2880.0,45223.0,2.2112e-05,29.035,35.404,65.901,49.409,72.007,1588.4,-0.0086579,108.88,0.71052,supercritical,1.0762508995578186
711.7,2890.0,45255.0,2.2097e-05,29.024,35.41,65.879,49.413,71.97,1590.6,-0.0087119,109.0,0.71141,supercritical,1.079255256204511
711.7,2900.0,45287.0,2.2081e-05,29.013,35.416,65.856,49.416,71.933,1592.8,-0.0087656,109.12,0.7123,supercritical,1.0822055320655288
711.7,2910.0,45319.0,2.2066e-05,29.002,35.423,65.834,49.419,71.897,1594.9,-0.0088188,109.24,0.71319,supercritical,1.0851995795624518
711.7,2920.0,45351.0,2.205e-05,28.99,35.429,65.812,49.423,71.861,1597.0,-0.0088717,109.37,0.71408,supercritical,1.08813920826879
711.7,2930.0,45382.0,2.2035e-05,28.979,35.435,65.79,49.426,71.825,1599.2,-0.0089242,109.49,0.71497,supercritical,1.0911229466159438
711.7,2940.0,45414.0,2.202e-05,28.968,35.442,65.768,49.429,71.79,1601.3,-0.0089763,109.61,0.71586,supercritical,1.0941016148894407
711.7,2950.0,45445.0,2.2004e-05,28.957,35.448,65.746,49.432,71.754,1603.4,-0.009028,109.73,0.71675,supercritical,1.0970253573649869
711.7,2960.0,45477.0,2.1989e-05,28.946,35.455,65.725,49.436,71.719,1605.6,-0.0090793,109.85,0.71763,supercritical,1.0999937164887144
711.7,2970.0,45508.0,2.1974e-05,28.935,35.461,65.703,49.439,71.685,1607.7,-0.0091302,109.97,0.71851,supercritical,1.1029570055387852
711.7,2980.0,45539.0,2.1959e-05,28.924,35.468,65.681,49.442,71.65,1609.8,-0.0091808,110.09,0.7194,supercritical,1.1059152245151986
711.7,2990.0,45570.0,2.1944e-05,28.913,35.474,65.66,49.445,71.615,1611.9,-0.009231,110.21,0.72028,supercritical,1.1088683734179552
711.7,3000.0,45601.0,2.1929e-05,28.902,35.481,65.638,49.449,71.581,1614.0,-0.0092809,110.33,0.72115,supercritical,1.1118164522470548
711.7,3010.0,45632.0,2.1915e-05,28.891,35.488,65.617,49.452,71.547,1616.1,-0.0093304,110.45,0.72203,supercritical,1.114810330741523
711.7,3020.0,45662.0,2.19e-05,28.881,35.494,65.595,49.455,71.514,1618.2,-0.0093795,110.57,0.72291,supercritical,1.1177484384257639
711.7,3030.0,45693.0,2.1885e-05,28.87,35.501,65.574,49.458,71.48,1620.2,-0.0094283,110.69,0.72378,supercritical,1.1206814760363477
711.7,3040.0,45723.0,2.1871e-05,28.859,35.508,65.553,49.462,71.447,1622.3,-0.0094767,110.8,0.72465,supercritical,1.1236608203196654
711.7,3050.0,45754.0,2.1856e-05,28.849,35.515,65.532,49.465,71.414,1624.4,-0.0095248,110.92,0.72553,supercritical,1.1265838867853903
711.7,3060.0,45784.0,2.1842e-05,28.838,35.522,65.51,49.468,71.381,1626.5,-0.0095726,111.04,0.7264,supercritical,1.1295535979287599
711.7,3070.0,45814.0,2.1827e-05,28.827,35.528,65.489,49.471,71.348,1628.5,-0.00962,111.16,0.72727,supercritical,1.1324666932496261
711.7,3080.0,45845.0,2.1813e-05,28.817,35.535,65.468,49.475,71.316,1630.6,-0.0096671,111.28,0.72813,supercritical,1.1354267712530473
711.7,3090.0,45875.0,2.1799e-05,28.806,35.542,65.448,49.478,71.283,1632.6,-0.0097138,111.39,0.729,supercritical,1.138382117187722
711.7,3100.0,45905.0,2.1784e-05,28.796,35.549,65.427,49.481,71.251,1634.7,-0.0097603,111.51,0.72986,supercritical,1.1412803402925276
711.7,3110.0,45934.0,2.177e-05,28.786,35.556,65.406,49.485,71.219,1636.7,-0.0098064,111.63,0.73073,supercritical,1.1442260530872541
711.7,3120.0,45964.0,2.1756e-05,28.775,35.563,65.385,49.488,71.188,1638.8,-0.0098521,111.74,0.73159,supercritical,1.1471670338132338
711.7,3130.0,45994.0,2.1742e-05,28.765,35.57,65.364,49.491,71.156,1640.8,-0.0098976,111.86,0.73245,supercritical,1.1501032824704671
711.7,3140.0,46023.0,2.1728e-05,28.755,35.577,65.344,49.494,71.125,1642.8,-0.0099428,111.97,0.73331,supercritical,1.1530347990589538
711.7,3150.0,46053.0,2.1714e-05,28.744,35.584,65.323,49.498,71.094,1644.8,-0.0099876,112.09,0.73417,supercritical,1.1559615835786938
711.7,3160.0,46082.0,2.17e-05,28.734,35.591,65.303,49.501,71.063,1646.9,-0.010032,112.2,0.73503,supercritical,1.1588836360296875
711.7,3170.0,46112.0,2.1686e-05,28.724,35.599,65.282,49.504,71.032,1648.9,-0.010076,112.32,0.73588,supercritical,1.1618009564119345
711.7,3180.0,46141.0,2.1673e-05,28.714,35.606,65.262,49.507,71.001,1650.9,-0.01012,112.43,0.73674,supercritical,1.1647672875061994
711.7,3190.0,46170.0,2.1659e-05,28.704,35.613,65.242,49.511,70.971,1652.9,-0.010164,112.55,0.73759,supercritical,1.1676753127534087
711.7,3200.0,46199.0,2.1645e-05,28.694,35.62,65.221,49.514,70.941,1654.9,-0.010207,112.66,0.73844,supercritical,1.1705786059318712
711.7,3210.0,46228.0,2.1632e-05,28.684,35.627,65.201,49.517,70.911,1656.9,-0.01025,112.78,0.73929,supercritical,1.1735314168297173
711.7,3220.0,46257.0,2.1618e-05,28.674,35.635,65.181,49.52,70.881,1658.9,-0.010293,112.89,0.74014,supercritical,1.1764254148731421
711.7,3230.0,46286.0,2.1605e-05,28.664,35.642,65.161,49.524,70.851,1660.8,-0.010335,113.0,0.74099,supercritical,1.179369268640861
711.7,3240.0,46315.0,2.1591e-05,28.654,35.649,65.141,49.527,70.822,1662.8,-0.010378,113.12,0.74184,supercritical,1.182253971549248
711.7,3250.0,46343.0,2.1578e-05,28.644,35.657,65.121,49.53,70.792,1664.8,-0.01042,113.23,0.74268,supercritical,1.1851888681868392
711.7,3260.0,46372.0,2.1565e-05,28.634,35.664,65.101,49.534,70.763,1666.8,-0.010461,113.34,0.74353,supercritical,1.1881193707605946
711.7,3270.0,46400.0,2.1551e-05,28.624,35.671,65.081,49.537,70.734,1668.7,-0.010502,113.45,0.74437,supercritical,1.1909902154676524
711.7,3280.0,46429.0,2.1538e-05,28.614,35.679,65.061,49.54,70.706,1670.7,-0.010544,113.57,0.74521,supercritical,1.1939117609112802
711.7,3290.0,46457.0,2.1525e-05,28.605,35.686,65.041,49.543,70.677,1672.6,-0.010584,113.68,0.74605,supercritical,1.196828912291072
711.7,3300.0,46486.0,2.1512e-05,28.595,35.694,65.022,49.547,70.648,1674.6,-0.010625,113.79,0.74689,supercritical,1.1997416696070278
711.7,3310.0,46514.0,2.1499e-05,28.585,35.701,65.002,49.55,70.62,1676.5,-0.010665,113.9,0.74773,supercritical,1.2026500328591474
711.7,3320.0,46542.0,2.1486e-05,28.576,35.709,64.982,49.553,70.592,1678.5,-0.010705,114.01,0.74857,supercritical,1.205554002047431
711.7,3330.0,46570.0,2.1473e-05,28.566,35.716,64.963,49.556,70.564,1680.4,-0.010745,114.12,0.7494,supercritical,1.2084535771718785
711.7,3340.0,46598.0,2.146e-05,28.556,35.724,64.943,49.56,70.536,1682.3,-0.010784,114.23,0.75024,supercritical,1.2113487582324898
711.7,3350.0,46626.0,2.1447e-05,28.547,35.732,64.924,49.563,70.509,1684.3,-0.010823,114.34,0.75107,supercritical,1.2142395452292651
711.7,3360.0,46653.0,2.1435e-05,28.537,35.739,64.905,49.566,70.481,1686.2,-0.010862,114.45,0.7519,supercritical,1.217182722987163
711.7,3370.0,46681.0,2.1422e-05,28.528,35.747,64.885,49.569,70.454,1688.1,-0.010901,114.56,0.75274,supercritical,1.2200648908587213
711.7,3380.0,46709.0,2.1409e-05,28.518,35.755,64.866,49.573,70.427,1690.0,-0.01094,114.67,0.75357,supercritical,1.2229426646664439
711.7,3390.0,46736.0,2.1397e-05,28.509,35.762,64.847,49.576,70.399,1692.0,-0.010978,114.78,0.75439,supercritical,1.2258733362426542
711.7,3400.0,46764.0,2.1384e-05,28.5,35.77,64.828,49.579,70.373,1693.9,-0.011016,114.89,0.75522,supercritical,1.2287424909251596
711.7,3410.0,46791.0,2.1371e-05,28.49,35.778,64.808,49.582,70.346,1695.8,-0.011053,115.0,0.75605,supercritical,1.2316072515438288
711.7,3420.0,46819.0,2.1359e-05,28.481,35.786,64.789,49.586,70.319,1697.7,-0.011091,115.11,0.75687,supercritical,1.2345254169383522
711.7,3430.0,46846.0,2.1347e-05,28.472,35.794,64.77,49.589,70.293,1699.6,-0.011128,115.22,0.7577,supercritical,1.23743952627395
711.7,3440.0,46873.0,2.1334e-05,28.462,35.801,64.751,49.592,70.267,1701.4,-0.011165,115.33,0.75852,supercritical,1.2402914427060212
711.7,3450.0,46900.0,2.1322e-05,28.453,35.809,64.732,49.595,70.24,1703.3,-0.011202,115.43,0.75934,supercritical,1.2431972709213124
711.7,3460.0,46927.0,2.131e-05,28.444,35.817,64.714,49.598,70.214,1705.2,-0.011239,115.54,0.76016,supercritical,1.246099043077678
711.7,3470.0,46954.0,2.1297e-05,28.435,35.825,64.695,49.602,70.189,1707.1,-0.011275,115.65,0.76098,supercritical,1.2489381153231518
711.7,3480.0,46981.0,2.1285e-05,28.426,35.833,64.676,49.605,70.163,1709.0,-0.011311,115.76,0.7618,supercritical,1.251831606359211
711.7,3490.0,47008.0,2.1273e-05,28.417,35.841,64.657,49.608,70.137,1710.8,-0.011347,115.86,0.76262,supercritical,1.2547210413363443
711.7,3500.0,47035.0,2.1261e-05,28.408,35.849,64.639,49.611,70.112,1712.7,-0.011382,115.97,0.76344,supercritical,1.257606420254552
711.7,3510.0,47062.0,2.1249e-05,28.399,35.857,64.62,49.615,70.087,1714.6,-0.011418,116.08,0.76425,supercritical,1.2604877431138344
711.7,3520.0,47088.0,2.1237e-05,28.39,35.865,64.601,49.618,70.061,1716.4,-0.011453,116.18,0.76507,supercritical,1.263365009914191
711.7,3530.0,47115.0,2.1225e-05,28.381,35.873,64.583,49.621,70.036,1718.3,-0.011488,116.29,0.76588,supercritical,1.266238220655622
711.7,3540.0,47141.0,2.1213e-05,28.372,35.881,64.564,49.624,70.011,1720.1,-0.011523,116.39,0.76669,supercritical,1.2691073753381272
711.7,3550.0,47168.0,2.1201e-05,28.363,35.889,64.546,49.628,69.987,1722.0,-0.011557,116.5,0.7675,supercritical,1.271972473961707
711.7,3560.0,47194.0,2.1189e-05,28.354,35.897,64.527,49.631,69.962,1723.8,-0.011591,116.6,0.76831,supercritical,1.2748335165263613
711.7,3570.0,47220.0,2.1177e-05,28.345,35.905,64.509,49.634,69.938,1725.6,-0.011626,116.71,0.76912,supercritical,1.27769050303209
711.7,3580.0,47247.0,2.1166e-05,28.336,35.913,64.491,49.637,69.913,1727.5,-0.01166,116.81,0.76993,supercritical,1.2806039363578665
711.7,3590.0,47273.0,2.1154e-05,28.327,35.922,64.473,49.64,69.889,1729.3,-0.011693,116.92,0.77073,supercritical,1.2834529797481993
711.7,3600.0,47299.0,2.1142e-05,28.319,35.93,64.454,49.644,69.865,1731.1,-0.011727,117.02,0.77154,supercritical,1.2862979670796062
711.7,3610.0,47325.0,2.1131e-05,28.31,35.938,64.436,49.647,69.841,1733.0,-0.01176,117.13,0.77234,supercritical,1.289199908238427
711.7,3620.0,47351.0,2.1119e-05,28.301,35.946,64.418,49.65,69.817,1734.8,-0.011793,117.23,0.77315,supercritical,1.2920369524544377
711.7,3630.0,47377.0,2.1107e-05,28.292,35.954,64.4,49.653,69.793,1736.6,-0.011826,117.34,0.77395,supercritical,1.2948699406115232
711.7,3640.0,47403.0,2.1096e-05,28.284,35.963,64.382,49.656,69.77,1738.4,-0.011859,117.44,0.77475,supercritical,1.297760389603388
711.7,3650.0,47428.0,2.1084e-05,28.275,35.971,64.364,49.66,69.746,1740.2,-0.011891,117.54,0.77555,supercritical,1.3005854346450774
711.7,3660.0,47454.0,2.1073e-05,28.267,35.979,64.346,49.663,69.723,1742.0,-0.011923,117.65,0.77635,supercritical,1.3034682785264566
711.7,3670.0,47480.0,2.1062e-05,28.258,35.988,64.328,49.666,69.7,1743.8,-0.011955,117.75,0.77715,supercritical,1.306347404353821
711.7,3680.0,47505.0,2.105e-05,28.249,35.996,64.31,49.669,69.677,1745.6,-0.011987,117.85,0.77795,supercritical,1.3091606192236438
711.7,3690.0,47531.0,2.1039e-05,28.241,36.004,64.292,49.672,69.654,1747.4,-0.012019,117.95,0.77874,supercritical,1.3120321399405226
711.7,3700.0,47556.0,2.1028e-05,28.232,36.013,64.275,49.676,69.631,1749.2,-0.012051,118.06,0.77954,supercritical,1.314899942603386
711.7,3710.0,47582.0,2.1016e-05,28.224,36.021,64.257,49.679,69.608,1751.0,-0.012082,118.16,0.78033,supercritical,1.3177013273013427
711.7,3720.0,47607.0,2.1005e-05,28.216,36.029,64.239,49.682,69.585,1752.8,-0.012113,118.26,0.78112,supercritical,1.3205615248537206
711.7,3730.0,47632.0,2.0994e-05,28.207,36.038,64.221,49.685,69.563,1754.5,-0.012144,118.36,0.78191,supercritical,1.3234180043520836
711.7,3740.0,47658.0,2.0983e-05,28.199,36.046,64.204,49.688,69.54,1756.3,-0.012175,118.46,0.78271,supercritical,1.3262707657964312
711.7,3750.0,47683.0,2.0972e-05,28.19,36.055,64.186,49.692,69.518,1758.1,-0.012205,118.56,0.7835,supercritical,1.3291198091867638
711.7,3760.0,47708.0,2.0961e-05,28.182,36.063,64.169,49.695,69.496,1759.9,-0.012236,118.66,0.78428,supercritical,1.3319651345230814
711.7,3770.0,47733.0,2.095e-05,28.174,36.072,64.151,49.698,69.474,1761.6,-0.012266,118.76,0.78507,supercritical,1.3348067418053837
711.7,3780.0,47758.0,2.0939e-05,28.165,36.08,64.134,49.701,69.452,1763.4,-0.012296,118.86,0.78586,supercritical,1.3376446310336707
711.7,3790.0,47783.0,2.0928e-05,28.157,36.089,64.116,49.704,69.43,1765.1,-0.012326,118.96,0.78664,supercritical,1.3404788022079428
711.7,3800.0,47808.0,2.0917e-05,28.149,36.097,64.099,49.707,69.408,1766.9,-0.012356,119.06,0.78743,supercritical,1.3433092553281996
711.7,3810.0,47832.0,2.0906e-05,28.141,36.106,64.082,49.711,69.387,1768.6,-0.012385,119.16,0.78821,supercritical,1.3461359903944412
711.7,3820.0,47857.0,2.0896e-05,28.133,36.115,64.064,49.714,69.365,1770.4,-0.012415,119.26,0.789,supercritical,1.3490235663445673
711.7,3830.0,47882.0,2.0885e-05,28.124,36.123,64.047,49.717,69.344,1772.1,-0.012444,119.36,0.78978,supercritical,1.3518430343052337
711.7,3840.0,47906.0,2.0874e-05,28.116,36.132,64.03,49.72,69.322,1773.9,-0.012473,119.46,0.79056,supercritical,1.3546587842118853
711.7,3850.0,47931.0,2.0863e-05,28.108,36.141,64.013,49.723,69.301,1775.6,-0.012502,119.56,0.79134,supercritical,1.3574708160645217
711.7,3860.0,47956.0,2.0853e-05,28.1,36.149,63.996,49.726,69.28,1777.3,-0.012531,119.66,0.79212,supercritical,1.360344364810863
711.7,3870.0,47980.0,2.0842e-05,28.092,36.158,63.979,49.729,69.259,1779.1,-0.012559,119.76,0.79289,supercritical,1.3631491295579243
711.7,3880.0,48004.0,2.0831e-05,28.084,36.167,63.962,49.733,69.238,1780.8,-0.012587,119.86,0.79367,supercritical,1.3659501762509707
711.7,3890.0,48029.0,2.0821e-05,28.076,36.175,63.945,49.736,69.217,1782.5,-0.012616,119.95,0.79445,supercritical,1.3688132468450875
711.7,3900.0,48053.0,2.081e-05,28.068,36.184,63.928,49.739,69.197,1784.2,-0.012644,120.05,0.79522,supercritical,1.3716070264325586
711.7,3910.0,48077.0,2.08e-05,28.06,36.193,63.911,49.742,69.176,1785.9,-0.012672,120.15,0.796,supercritical,1.374463167926011
711.7,3920.0,48101.0,2.0789e-05,28.052,36.202,63.894,49.745,69.155,1787.7,-0.012699,120.25,0.79677,supercritical,1.377249680407907
711.7,3930.0,48126.0,2.0779e-05,28.044,36.21,63.877,49.748,69.135,1789.4,-0.012727,120.34,0.79754,supercritical,1.3800988928006948
711.7,3940.0,48150.0,2.0769e-05,28.036,36.219,63.86,49.751,69.115,1791.1,-0.012754,120.44,0.79831,supercritical,1.3829447251443778
711.7,3950.0,48174.0,2.0758e-05,28.029,36.228,63.843,49.755,69.095,1792.8,-0.012782,120.54,0.79908,supercritical,1.385720421469139
711.7,3960.0,48198.0,2.0748e-05,28.021,36.237,63.827,49.758,69.074,1794.5,-0.012809,120.64,0.79985,supercritical,1.3885593247121573
711.7,3970.0,48221.0,2.0738e-05,28.013,36.246,63.81,49.761,69.054,1796.2,-0.012836,120.73,0.80062,supercritical,1.3913948479060716
711.7,3980.0,48245.0,2.0727e-05,28.005,36.255,63.793,49.764,69.035,1797.9,-0.012862,120.83,0.80139,supercritical,1.3941597280736975
711.7,3990.0,48269.0,2.0717e-05,27.997,36.264,63.777,49.767,69.015,1799.6,-0.012889,120.92,0.80215,supercritical,1.3969883221669466
711.7,4000.0,48293.0,2.0707e-05,27.99,36.272,63.76,49.77,68.995,1801.2,-0.012916,121.02,0.80292,supercritical,1.3998135362110913
