Temperature (K),Pressure (bar),Density (mol/m3),Volume (m3/mol),Internal Energy (kJ/mol),Enthalpy (kJ/mol),Entropy (J/mol*K),Cv (J/mol*K),Cp (J/mol*K),Sound Spd. (m/s),Joule-Thomson (K/bar),Viscosity (uPa*s),Therm. Cond. (W/m*K),Phase
300.0,3.0,122.07,0.008192,19.793,22.25,111.46,29.231,38.13,267.88,1.077,15.023,0.016887,vapor
300.0,10.348,437.71,0.0022846,19.574,21.938,100.43,30.063,40.66,262.15,1.0803,15.113,0.017359,vapor
300.0,17.697,781.23,0.00128,19.338,21.603,95.168,30.986,43.779,256.12,1.0833,15.235,0.017941,vapor
300.0,25.045,1159.8,0.00086221,19.08,21.239,91.389,32.03,47.759,249.71,1.0854,15.4,0.018676,vapor
300.0,32.393,1584.1,0.00063127,18.793,20.838,88.246,33.245,53.073,242.83,1.0858,15.623,0.019637,vapor
300.0,39.742,2071.1,0.00048284,18.468,20.387,85.389,34.715,60.63,235.32,1.0834,15.931,0.020956,vapor
300.0,47.09,2650.7,0.00037726,18.086,19.863,82.595,36.596,72.463,226.92,1.0757,16.371,0.022906,vapor
300.0,54.438,3385.3,0.00029539,17.611,19.219,79.628,39.255,94.387,217.08,1.0575,17.048,0.026166,vapor
300.0,61.787,4457.5,0.00022434,16.934,18.32,75.997,43.922,154.23,204.11,1.0125,18.289,0.033238,vapor
300.0,67.131,6102.8,0.00016386,15.935,17.035,71.364,54.908,524.64,185.33,0.90093,20.811,0.055713,vapor
300.0,67.131,15434.0,6.4793e-05,12.036,12.471,56.151,49.288,382.79,245.67,0.27258,53.192,0.080841,liquid
300.0,69.135,15893.0,6.2922e-05,11.873,12.308,55.562,46.895,284.85,272.6,0.23226,55.857,0.079672,liquid
300.0,76.483,16819.0,5.9456e-05,11.527,11.982,54.327,44.178,190.32,325.87,0.16736,61.691,0.081262,liquid
300.0,83.832,17384.0,5.7526e-05,11.308,11.79,53.544,43.023,160.12,360.38,0.1359,65.58,0.083623,liquid
300.0,91.18,17807.0,5.6157e-05,11.138,11.65,52.94,42.332,143.87,387.41,0.1155,68.685,0.085817,liquid
300.0,98.528,18152.0,5.509e-05,10.998,11.541,52.439,41.868,133.32,410.11,0.10064,71.342,0.087814,liquid
300.0,105.88,18446.0,5.4213e-05,10.877,11.451,52.005,41.538,125.76,429.92,0.089087,73.7,0.089644,liquid
300.0,113.23,18703.0,5.3468e-05,10.769,11.375,51.62,41.291,120.01,447.64,0.07974,75.842,0.091338,liquid
300.0,120.57,18933.0,5.2819e-05,10.673,11.309,51.271,41.101,115.45,463.74,0.071959,77.82,0.092918,liquid
300.0,127.92,19141.0,5.2245e-05,10.584,11.252,50.952,40.952,111.73,478.56,0.065342,79.669,0.094404,liquid
300.0,135.27,19332.0,5.1729e-05,10.502,11.202,50.656,40.833,108.62,492.33,0.059621,81.411,0.095811,liquid
300.0,142.62,19508.0,5.1261e-05,10.426,11.157,50.38,40.736,105.97,505.21,0.054609,83.065,0.097149,liquid
300.0,149.97,19673.0,5.0832e-05,10.354,11.116,50.121,40.657,103.69,517.35,0.050169,84.645,0.098427,liquid
300.0,157.32,19827.0,5.0437e-05,10.287,11.08,49.876,40.592,101.69,528.83,0.0462,86.161,0.099653,liquid
300.0,164.66,19972.0,5.007e-05,10.223,11.047,49.643,40.538,99.917,539.75,0.042622,87.621,0.10083,liquid
300.0,172.01,20110.0,4.9727e-05,10.162,11.017,49.421,40.494,98.34,550.17,0.039376,89.033,0.10197,liquid
300.0,179.36,20240.0,4.9406e-05,10.104,10.99,49.209,40.457,96.922,560.14,0.036413,90.401,0.10307,liquid
300.0,186.71,20365.0,4.9104e-05,10.049,10.965,49.006,40.427,95.638,569.72,0.033693,91.73,0.10414,liquid
300.0,194.06,20484.0,4.8819e-05,9.9953,10.943,48.811,40.402,94.469,578.95,0.031186,93.024,0.10518,liquid
300.0,201.41,20598.0,4.8549e-05,9.9442,10.922,48.622,40.381,93.399,587.85,0.028864,94.286,0.10619,liquid
300.0,208.75,20708.0,4.8292e-05,9.8949,10.903,48.44,40.365,92.414,596.46,0.026706,95.52,0.10717,liquid
300.0,216.1,20813.0,4.8047e-05,9.8474,10.886,48.265,40.352,91.505,604.79,0.024694,96.727,0.10813,liquid
300.0,223.45,20915.0,4.7813e-05,9.8014,10.87,48.094,40.341,90.661,612.89,0.022812,97.91,0.10906,liquid
300.0,230.8,21013.0,4.759e-05,9.7569,10.855,47.929,40.334,89.875,620.75,0.021046,99.07,0.10998,liquid
300.0,238.15,21108.0,4.7376e-05,9.7137,10.842,47.768,40.328,89.142,628.41,0.019385,100.21,0.11088,liquid
300.0,245.49,21200.0,4.717e-05,9.6718,10.83,47.612,40.325,88.455,635.86,0.017819,101.33,0.11176,liquid
300.0,252.84,21289.0,4.6972e-05,9.6311,10.819,47.46,40.323,87.81,643.14,0.01634,102.43,0.11262,liquid
300.0,260.19,21376.0,4.6782e-05,9.5915,10.809,47.312,40.322,87.203,650.25,0.01494,103.52,0.11347,liquid
300.0,267.54,21460.0,4.6598e-05,9.5529,10.8,47.167,40.323,86.63,657.2,0.013612,104.59,0.1143,liquid
300.0,274.89,21542.0,4.6421e-05,9.5153,10.791,47.025,40.325,86.088,664.0,0.01235,105.64,0.11511,liquid
300.0,282.24,21622.0,4.625e-05,9.4786,10.784,46.887,40.328,85.575,670.65,0.011149,106.69,0.11592,liquid
300.0,289.58,21699.0,4.6084e-05,9.4428,10.777,46.752,40.332,85.088,677.18,0.010005,107.71,0.11671,liquid
300.0,296.93,21775.0,4.5923e-05,9.4078,10.771,46.62,40.337,84.626,683.58,0.0089132,108.73,0.11749,liquid
300.0,304.28,21849.0,4.5768e-05,9.3736,10.766,46.49,40.342,84.185,689.86,0.0078697,109.73,0.11826,liquid
300.0,311.63,21922.0,4.5617e-05,9.3401,10.762,46.363,40.349,83.765,696.02,0.0068712,110.73,0.11901,liquid
300.0,318.98,21993.0,4.547e-05,9.3073,10.758,46.238,40.356,83.364,702.08,0.0059147,111.71,0.11976,liquid
300.0,326.33,22062.0,4.5327e-05,9.2753,10.754,46.116,40.363,82.98,708.04,0.0049975,112.68,0.1205,liquid
300.0,333.67,22130.0,4.5188e-05,9.2438,10.752,45.996,40.371,82.613,713.9,0.0041171,113.64,0.12122,liquid
300.0,341.02,22196.0,4.5053e-05,9.213,10.749,45.878,40.379,82.261,719.66,0.003271,114.6,0.12194,liquid
300.0,348.37,22261.0,4.4922e-05,9.1827,10.748,45.762,40.388,81.924,725.34,0.0024572,115.54,0.12265,liquid
300.0,355.72,22325.0,4.4794e-05,9.153,10.746,45.648,40.397,81.6,730.93,0.0016739,116.48,0.12335,liquid
300.0,363.07,22387.0,4.4668e-05,9.1239,10.746,45.536,40.406,81.288,736.44,0.00091915,117.41,0.12404,liquid
300.0,370.42,22449.0,4.4546e-05,9.0953,10.745,45.426,40.416,80.989,741.87,0.00019142,118.33,0.12473,liquid
300.0,377.76,22509.0,4.4427e-05,9.0671,10.745,45.317,40.426,80.7,747.22,-0.00051083,119.24,0.12541,liquid
300.0,385.11,22568.0,4.4311e-05,9.0395,10.746,45.21,40.437,80.422,752.5,-0.001189,120.15,0.12607,liquid
300.0,392.46,22626.0,4.4197e-05,9.0123,10.747,45.105,40.447,80.153,757.71,-0.0018443,121.05,0.12674,liquid
300.0,399.81,22683.0,4.4085e-05,8.9855,10.748,45.001,40.458,79.894,762.85,-0.0024779,121.94,0.12739,liquid
300.0,407.16,22739.0,4.3976e-05,8.9592,10.75,44.898,40.469,79.644,767.93,-0.0030911,122.82,0.12804,liquid
300.0,414.51,22795.0,4.387e-05,8.9333,10.752,44.797,40.48,79.402,772.94,-0.0036847,123.71,0.12869,liquid
300.0,421.86,22849.0,4.3765e-05,8.9078,10.754,44.698,40.492,79.168,777.9,-0.0042598,124.58,0.12932,liquid
300.0,429.2,22903.0,4.3663e-05,8.8826,10.757,44.599,40.503,78.941,782.79,-0.0048172,125.45,0.12996,liquid
300.0,436.55,22955.0,4.3563e-05,8.8579,10.76,44.502,40.515,78.722,787.62,-0.0053578,126.31,0.13058,liquid
300.0,443.9,23007.0,4.3465e-05,8.8335,10.763,44.407,40.527,78.509,792.4,-0.0058824,127.17,0.1312,liquid
300.0,451.25,23058.0,4.3368e-05,8.8094,10.766,44.312,40.539,78.303,797.13,-0.0063917,128.02,0.13182,liquid
300.0,458.6,23109.0,4.3274e-05,8.7857,10.77,44.219,40.551,78.103,801.8,-0.0068863,128.87,0.13242,liquid
300.0,465.95,23158.0,4.3181e-05,8.7623,10.774,44.126,40.564,77.909,806.43,-0.0073669,129.72,0.13303,liquid
300.0,473.29,23207.0,4.309e-05,8.7392,10.779,44.035,40.576,77.72,811.0,-0.0078342,130.55,0.13363,liquid
300.0,480.64,23256.0,4.3e-05,8.7165,10.783,43.945,40.589,77.537,815.53,-0.0082886,131.39,0.13422,liquid
300.0,487.99,23303.0,4.2912e-05,8.694,10.788,43.856,40.601,77.359,820.0,-0.0087308,132.22,0.13481,liquid
300.0,495.34,23350.0,4.2826e-05,8.6718,10.793,43.768,40.614,77.185,824.44,-0.0091612,133.04,0.1354,liquid
300.0,502.69,23397.0,4.2741e-05,8.6499,10.798,43.681,40.627,77.017,828.83,-0.0095803,133.87,0.13598,liquid
300.0,510.04,23442.0,4.2658e-05,8.6283,10.804,43.595,40.64,76.853,833.17,-0.0099886,134.68,0.13656,liquid
300.0,517.38,23488.0,4.2576e-05,8.607,10.81,43.509,40.653,76.693,837.47,-0.010386,135.5,0.13713,liquid
300.0,524.73,23532.0,4.2495e-05,8.5859,10.816,43.425,40.666,76.537,841.74,-0.010774,136.31,0.1377,liquid
300.0,532.08,23576.0,4.2415e-05,8.565,10.822,43.342,40.679,76.386,845.96,-0.011152,137.12,0.13826,liquid
300.0,539.43,23620.0,4.2337e-05,8.5444,10.828,43.259,40.692,76.238,850.14,-0.011521,137.92,0.13882,liquid
300.0,546.78,23663.0,4.226e-05,8.5241,10.835,43.177,40.706,76.094,854.29,-0.011881,138.72,0.13938,liquid
300.0,554.13,23705.0,4.2184e-05,8.504,10.842,43.096,40.719,75.953,858.39,-0.012233,139.52,0.13993,liquid
300.0,561.47,23747.0,4.211e-05,8.4841,10.848,43.016,40.733,75.816,862.46,-0.012576,140.31,0.14048,liquid
300.0,568.82,23789.0,4.2036e-05,8.4644,10.856,42.937,40.746,75.682,866.5,-0.012911,141.1,0.14103,liquid
300.0,576.17,23830.0,4.1964e-05,8.445,10.863,42.858,40.76,75.551,870.5,-0.013238,141.89,0.14157,liquid
300.0,583.52,23871.0,4.1892e-05,8.4257,10.87,42.78,40.773,75.424,874.47,-0.013558,142.67,0.14211,liquid
300.0,590.87,23911.0,4.1822e-05,8.4067,10.878,42.703,40.787,75.299,878.4,-0.013871,143.45,0.14265,liquid
300.0,598.22,23951.0,4.1753e-05,8.3879,10.886,42.626,40.801,75.177,882.3,-0.014177,144.23,0.14318,liquid
300.0,605.56,23990.0,4.1684e-05,8.3692,10.893,42.551,40.815,75.058,886.17,-0.014476,145.01,0.14371,liquid
300.0,612.91,24029.0,4.1617e-05,8.3508,10.902,42.475,40.829,74.941,890.0,-0.014769,145.78,0.14424,liquid
300.0,620.26,24067.0,4.155e-05,8.3326,10.91,42.401,40.842,74.827,893.81,-0.015055,146.55,0.14476,liquid
300.0,627.61,24105.0,4.1485e-05,8.3145,10.918,42.327,40.856,74.715,897.58,-0.015335,147.32,0.14528,liquid
300.0,634.96,24143.0,4.142e-05,8.2966,10.927,42.254,40.87,74.606,901.33,-0.015609,148.08,0.1458,liquid
300.0,642.31,24180.0,4.1356e-05,8.2789,10.935,42.181,40.884,74.499,905.05,-0.015878,148.84,0.14631,liquid
300.0,649.65,24217.0,4.1293e-05,8.2614,10.944,42.109,40.899,74.395,908.73,-0.016141,149.6,0.14683,liquid
300.0,657.0,24254.0,4.123e-05,8.244,10.953,42.038,40.913,74.292,912.39,-0.016399,150.36,0.14733,liquid
300.0,664.35,24290.0,4.1169e-05,8.2268,10.962,41.967,40.927,74.192,916.03,-0.016651,151.12,0.14784,liquid
300.0,671.7,24326.0,4.1108e-05,8.2098,10.971,41.897,40.941,74.094,919.63,-0.016899,151.87,0.14835,liquid
300.0,679.05,24362.0,4.1048e-05,8.1929,10.98,41.827,40.955,73.997,923.21,-0.017141,152.62,0.14885,liquid
300.0,686.4,24397.0,4.0989e-05,8.1762,10.99,41.758,40.97,73.903,926.77,-0.017379,153.37,0.14935,liquid
300.0,693.74,24432.0,4.093e-05,8.1596,10.999,41.689,40.984,73.811,930.29,-0.017612,154.12,0.14984,liquid
300.0,701.09,24466.0,4.0872e-05,8.1432,11.009,41.621,40.998,73.72,933.8,-0.017841,154.86,0.15034,liquid
300.0,708.44,24501.0,4.0815e-05,8.127,11.018,41.553,41.013,73.631,937.27,-0.018066,155.61,0.15083,liquid
300.0,715.79,24535.0,4.0759e-05,8.1108,11.028,41.486,41.027,73.544,940.73,-0.018286,156.35,0.15132,liquid
300.0,723.14,24568.0,4.0703e-05,8.0949,11.038,41.419,41.041,73.458,944.16,-0.018502,157.09,0.15181,liquid
300.0,730.49,24602.0,4.0648e-05,8.079,11.048,41.353,41.056,73.374,947.57,-0.018714,157.83,0.15229,liquid
300.0,737.83,24635.0,4.0593e-05,8.0633,11.058,41.287,41.07,73.292,950.95,-0.018922,158.56,0.15277,liquid
300.0,745.18,24668.0,4.0539e-05,8.0478,11.069,41.222,41.085,73.211,954.31,-0.019126,159.29,0.15325,liquid
300.0,752.53,24700.0,4.0486e-05,8.0323,11.079,41.157,41.099,73.131,957.65,-0.019327,160.03,0.15373,liquid
300.0,759.88,24732.0,4.0433e-05,8.017,11.089,41.093,41.114,73.053,960.96,-0.019524,160.76,0.15421,liquid
300.0,767.23,24764.0,4.0381e-05,8.0019,11.1,41.029,41.129,72.977,964.26,-0.019718,161.49,0.15468,liquid
300.0,774.58,24796.0,4.0329e-05,7.9868,11.111,40.966,41.143,72.902,967.53,-0.019908,162.21,0.15515,liquid
300.0,781.92,24828.0,4.0278e-05,7.9719,11.121,40.903,41.158,72.828,970.79,-0.020095,162.94,0.15562,liquid
300.0,789.27,24859.0,4.0227e-05,7.9571,11.132,40.84,41.173,72.755,974.02,-0.020278,163.66,0.15609,liquid
300.0,796.62,24890.0,4.0177e-05,7.9424,11.143,40.778,41.187,72.684,977.23,-0.020459,164.38,0.15656,liquid
300.0,803.97,24921.0,4.0128e-05,7.9278,11.154,40.716,41.202,72.614,980.42,-0.020636,165.1,0.15702,liquid
300.0,811.32,24951.0,4.0078e-05,7.9134,11.165,40.655,41.217,72.545,983.59,-0.020811,165.82,0.15749,liquid
300.0,818.66,24981.0,4.003e-05,7.899,11.176,40.594,41.232,72.477,986.75,-0.020982,166.54,0.15795,liquid
300.0,826.01,25011.0,3.9982e-05,7.8848,11.187,40.533,41.246,72.411,989.88,-0.021151,167.26,0.15841,liquid
300.0,833.36,25041.0,3.9934e-05,7.8707,11.199,40.473,41.261,72.345,992.99,-0.021317,167.97,0.15886,liquid
300.0,840.71,25071.0,3.9887e-05,7.8567,11.21,40.413,41.276,72.281,996.09,-0.02148,168.69,0.15932,liquid
300.0,848.06,25100.0,3.9841e-05,7.8427,11.221,40.354,41.291,72.218,999.17,-0.02164,169.4,0.15977,liquid
300.0,855.41,25129.0,3.9794e-05,7.8289,11.233,40.295,41.306,72.156,1002.2,-0.021798,170.11,0.16022,liquid
300.0,862.75,25158.0,3.9749e-05,7.8152,11.245,40.236,41.321,72.094,1005.3,-0.021954,170.82,0.16067,liquid
300.0,870.1,25187.0,3.9703e-05,7.8016,11.256,40.177,41.336,72.034,1008.3,-0.022107,171.53,0.16113,liquid
300.0,877.45,25215.0,3.9658e-05,7.7881,11.268,40.119,41.351,71.975,1011.3,-0.022257,172.23,0.16158,liquid
300.0,884.8,25244.0,3.9614e-05,7.7747,11.28,40.062,41.365,71.917,1014.3,-0.022405,172.94,0.16202,liquid
300.0,892.15,25272.0,3.957e-05,7.7614,11.292,40.004,41.38,71.859,1017.3,-0.022551,173.65,0.16247,liquid
300.0,899.5,25300.0,3.9526e-05,7.7482,11.304,39.947,41.395,71.803,1020.2,-0.022695,174.35,0.16291,liquid
300.0,906.84,25327.0,3.9483e-05,7.7351,11.316,39.89,41.41,71.747,1023.2,-0.022836,175.05,0.16336,liquid
300.0,914.19,25355.0,3.944e-05,7.7221,11.328,39.834,41.425,71.693,1026.1,-0.022975,175.75,0.1638,liquid
300.0,921.54,25382.0,3.9397e-05,7.7092,11.34,39.778,41.44,71.639,1029.0,-0.023112,176.45,0.16424,liquid
300.0,928.89,25410.0,3.9355e-05,7.6963,11.352,39.722,41.455,71.586,1031.9,-0.023247,177.15,0.16468,liquid
300.0,936.24,25437.0,3.9314e-05,7.6836,11.364,39.667,41.471,71.533,1034.8,-0.02338,177.85,0.16511,liquid
300.0,943.59,25463.0,3.9272e-05,7.6709,11.377,39.611,41.486,71.482,1037.6,-0.023511,178.55,0.16555,liquid
300.0,950.93,25490.0,3.9231e-05,7.6583,11.389,39.556,41.501,71.431,1040.5,-0.023641,179.24,0.16598,liquid
300.0,958.28,25516.0,3.919e-05,7.6458,11.401,39.502,41.516,71.381,1043.3,-0.023768,179.94,0.16642,liquid
300.0,965.63,25543.0,3.915e-05,7.6334,11.414,39.448,41.531,71.332,1046.1,-0.023893,180.63,0.16685,liquid
300.0,972.98,25569.0,3.911e-05,7.6211,11.426,39.394,41.546,71.284,1048.9,-0.024017,181.32,0.16728,liquid
300.0,980.33,25595.0,3.907e-05,7.6089,11.439,39.34,41.561,71.236,1051.7,-0.024139,182.01,0.16771,liquid
300.0,987.68,25621.0,3.9031e-05,7.5967,11.452,39.286,41.576,71.189,1054.5,-0.024259,182.71,0.16813,liquid
300.0,995.02,25646.0,3.8992e-05,7.5846,11.464,39.233,41.591,71.143,1057.2,-0.024377,183.4,0.16856,liquid
300.0,1002.4,25672.0,3.8953e-05,7.5726,11.477,39.18,41.607,71.097,1060.0,-0.024494,184.08,0.16898,liquid
300.0,1009.7,25697.0,3.8915e-05,7.5607,11.49,39.128,41.622,71.052,1062.7,-0.024609,184.77,0.16941,liquid
300.0,1017.1,25722.0,3.8877e-05,7.5488,11.503,39.075,41.637,71.008,1065.4,-0.024722,185.46,0.16983,liquid
300.0,1024.4,25747.0,3.8839e-05,7.5371,11.516,39.023,41.652,70.964,1068.1,-0.024834,186.15,0.17025,liquid
300.0,1031.8,25772.0,3.8802e-05,7.5254,11.529,38.971,41.667,70.921,1070.8,-0.024944,186.83,0.17067,liquid
300.0,1039.1,25797.0,3.8765e-05,7.5137,11.542,38.92,41.683,70.879,1073.5,-0.025053,187.52,0.17109,liquid
300.0,1046.5,25821.0,3.8728e-05,7.5022,11.555,38.869,41.698,70.837,1076.1,-0.02516,188.2,0.1715,liquid
300.0,1053.8,25846.0,3.8691e-05,7.4907,11.568,38.817,41.713,70.795,1078.8,-0.025266,188.88,0.17192,liquid
300.0,1061.2,25870.0,3.8655e-05,7.4793,11.581,38.767,41.728,70.755,1081.4,-0.02537,189.56,0.17233,liquid
300.0,1068.5,25894.0,3.8619e-05,7.468,11.594,38.716,41.743,70.714,1084.0,-0.025473,190.25,0.17275,liquid
300.0,1075.9,25918.0,3.8583e-05,7.4567,11.608,38.666,41.759,70.675,1086.7,-0.025575,190.93,0.17316,liquid
300.0,1083.2,25942.0,3.8547e-05,7.4455,11.621,38.616,41.774,70.636,1089.3,-0.025675,191.61,0.17357,liquid
300.0,1090.6,25966.0,3.8512e-05,7.4344,11.634,38.566,41.789,70.597,1091.8,-0.025774,192.29,0.17398,liquid
300.0,1097.9,25989.0,3.8477e-05,7.4233,11.648,38.516,41.805,70.559,1094.4,-0.025872,192.96,0.17439,liquid
300.0,1105.2,26013.0,3.8443e-05,7.4123,11.661,38.467,41.82,70.522,1097.0,-0.025968,193.64,0.1748,liquid
300.0,1112.6,26036.0,3.8408e-05,7.4013,11.675,38.417,41.835,70.485,1099.5,-0.026064,194.32,0.17521,liquid
300.0,1119.9,26059.0,3.8374e-05,7.3905,11.688,38.368,41.85,70.448,1102.1,-0.026157,194.99,0.17561,liquid
300.0,1127.3,26082.0,3.834e-05,7.3797,11.702,38.32,41.866,70.412,1104.6,-0.02625,195.67,0.17602,liquid
300.0,1134.6,26105.0,3.8306e-05,7.3689,11.715,38.271,41.881,70.377,1107.1,-0.026342,196.34,0.17642,liquid
300.0,1142.0,26128.0,3.8273e-05,7.3582,11.729,38.223,41.896,70.342,1109.6,-0.026432,197.02,0.17682,liquid
300.0,1149.3,26151.0,3.824e-05,7.3476,11.743,38.175,41.912,70.307,1112.1,-0.026521,197.69,0.17722,liquid
300.0,1156.7,26174.0,3.8207e-05,7.337,11.756,38.127,41.927,70.273,1114.6,-0.026609,198.37,0.17762,liquid
300.0,1164.0,26196.0,3.8174e-05,7.3265,11.77,38.079,41.942,70.239,1117.1,-0.026696,199.04,0.17802,liquid
300.0,1171.4,26218.0,3.8141e-05,7.3161,11.784,38.032,41.958,70.206,1119.5,-0.026782,199.71,0.17842,liquid
300.0,1178.7,26241.0,3.8109e-05,7.3057,11.798,37.984,41.973,70.173,1122.0,-0.026867,200.38,0.17882,liquid
300.0,1186.1,26263.0,3.8077e-05,7.2954,11.812,37.937,41.988,70.141,1124.4,-0.026951,201.05,0.17922,liquid
300.0,1193.4,26285.0,3.8045e-05,7.2851,11.826,37.891,42.004,70.109,1126.8,-0.027033,201.72,0.17961,liquid
300.0,1200.8,26307.0,3.8013e-05,7.2749,11.839,37.844,42.019,70.077,1129.3,-0.027115,202.39,0.18001,liquid
300.0,1208.1,26328.0,3.7982e-05,7.2648,11.853,37.797,42.034,70.046,1131.7,-0.027196,203.06,0.1804,liquid
300.0,1215.5,26350.0,3.7951e-05,7.2547,11.867,37.751,42.05,70.015,1134.1,-0.027275,203.73,0.18079,liquid
300.0,1222.8,26372.0,3.792e-05,7.2446,11.882,37.705,42.065,69.985,1136.5,-0.027354,204.39,0.18119,liquid
300.0,1230.2,26393.0,3.7889e-05,7.2346,11.896,37.659,42.08,69.955,1138.8,-0.027432,205.06,0.18158,liquid
300.0,1237.5,26414.0,3.7858e-05,7.2247,11.91,37.613,42.096,69.925,1141.2,-0.027509,205.73,0.18197,liquid
300.0,1244.9,26436.0,3.7828e-05,7.2148,11.924,37.568,42.111,69.896,1143.6,-0.027585,206.39,0.18236,liquid
300.0,1252.2,26457.0,3.7797e-05,7.205,11.938,37.523,42.126,69.867,1145.9,-0.02766,207.06,0.18274,liquid
300.0,1259.6,26478.0,3.7767e-05,7.1952,11.952,37.477,42.142,69.839,1148.2,-0.027734,207.72,0.18313,liquid
300.0,1266.9,26499.0,3.7738e-05,7.1855,11.967,37.432,42.157,69.811,1150.6,-0.027807,208.39,0.18352,liquid
300.0,1274.3,26520.0,3.7708e-05,7.1758,11.981,37.388,42.173,69.783,1152.9,-0.02788,209.05,0.1839,liquid
300.0,1281.6,26540.0,3.7678e-05,7.1662,11.995,37.343,42.188,69.755,1155.2,-0.027951,209.71,0.18429,liquid
300.0,1289.0,26561.0,3.7649e-05,7.1566,12.009,37.299,42.203,69.728,1157.5,-0.028022,210.38,0.18467,liquid
300.0,1296.3,26582.0,3.762e-05,7.1471,12.024,37.254,42.219,69.701,1159.8,-0.028092,211.04,0.18506,liquid
300.0,1303.7,26602.0,3.7591e-05,7.1376,12.038,37.21,42.234,69.675,1162.1,-0.028161,211.7,0.18544,liquid
300.0,1311.0,26622.0,3.7562e-05,7.1282,12.053,37.166,42.249,69.649,1164.4,-0.02823,212.36,0.18582,liquid
300.0,1318.4,26643.0,3.7534e-05,7.1188,12.067,37.123,42.265,69.623,1166.6,-0.028297,213.02,0.1862,liquid
300.0,1325.7,26663.0,3.7506e-05,7.1095,12.082,37.079,42.28,69.597,1168.9,-0.028364,213.68,0.18658,liquid
300.0,1333.0,26683.0,3.7477e-05,7.1002,12.096,37.035,42.296,69.572,1171.1,-0.02843,214.34,0.18696,liquid
300.0,1340.4,26703.0,3.7449e-05,7.091,12.111,36.992,42.311,69.547,1173.4,-0.028495,215.0,0.18734,liquid
300.0,1347.7,26723.0,3.7421e-05,7.0818,12.125,36.949,42.326,69.523,1175.6,-0.02856,215.66,0.18772,liquid
300.0,1355.1,26742.0,3.7394e-05,7.0727,12.14,36.906,42.342,69.498,1177.8,-0.028624,216.32,0.18809,liquid
300.0,1362.4,26762.0,3.7366e-05,7.0636,12.155,36.863,42.357,69.474,1180.0,-0.028687,216.98,0.18847,liquid
300.0,1369.8,26782.0,3.7339e-05,7.0545,12.169,36.821,42.372,69.451,1182.2,-0.028749,217.64,0.18885,liquid
300.0,1377.1,26801.0,3.7312e-05,7.0455,12.184,36.778,42.388,69.427,1184.4,-0.028811,218.29,0.18922,liquid
300.0,1384.5,26821.0,3.7284e-05,7.0366,12.199,36.736,42.403,69.404,1186.6,-0.028872,218.95,0.18959,liquid
300.0,1391.8,26840.0,3.7258e-05,7.0277,12.213,36.694,42.419,69.381,1188.8,-0.028932,219.61,0.18997,liquid
300.0,1399.2,26859.0,3.7231e-05,7.0188,12.228,36.652,42.434,69.359,1190.9,-0.028992,220.26,0.19034,liquid
300.0,1406.5,26879.0,3.7204e-05,7.01,12.243,36.61,42.449,69.336,1193.1,-0.029051,220.92,0.19071,liquid
300.0,1413.9,26898.0,3.7178e-05,7.0012,12.258,36.568,42.465,69.314,1195.3,-0.029109,221.58,0.19108,liquid
300.0,1421.2,26917.0,3.7152e-05,6.9924,12.273,36.527,42.48,69.292,1197.4,-0.029167,222.23,0.19145,liquid
300.0,1428.6,26936.0,3.7125e-05,6.9837,12.287,36.485,42.495,69.271,1199.5,-0.029224,222.89,0.19182,liquid
300.0,1435.9,26955.0,3.7099e-05,6.9751,12.302,36.444,42.511,69.249,1201.7,-0.029281,223.54,0.19219,liquid
300.0,1443.3,26973.0,3.7074e-05,6.9665,12.317,36.403,42.526,69.228,1203.8,-0.029337,224.19,0.19256,liquid
300.0,1450.6,26992.0,3.7048e-05,6.9579,12.332,36.362,42.542,69.208,1205.9,-0.029392,224.85,0.19293,liquid
300.0,1458.0,27011.0,3.7022e-05,6.9493,12.347,36.321,42.557,69.187,1208.0,-0.029447,225.5,0.1933,liquid
300.0,1465.3,27029.0,3.6997e-05,6.9408,12.362,36.28,42.572,69.167,1210.1,-0.029501,226.15,0.19366,liquid
300.0,1472.7,27048.0,3.6972e-05,6.9324,12.377,36.24,42.588,69.146,1212.2,-0.029554,226.81,0.19403,liquid
300.0,1480.0,27066.0,3.6946e-05,6.924,12.392,36.199,42.603,69.127,1214.3,-0.029607,227.46,0.19439,liquid
300.0,1487.4,27085.0,3.6921e-05,6.9156,12.407,36.159,42.618,69.107,1216.4,-0.02966,228.11,0.19476,liquid
300.0,1494.7,27103.0,3.6896e-05,6.9072,12.422,36.119,42.634,69.088,1218.4,-0.029712,228.76,0.19512,liquid
300.0,1502.1,27121.0,3.6872e-05,6.8989,12.437,36.079,42.649,69.068,1220.5,-0.029763,229.41,0.19549,liquid
300.0,1509.4,27139.0,3.6847e-05,6.8907,12.452,36.039,42.664,69.049,1222.6,-0.029814,230.07,0.19585,liquid
300.0,1516.8,27157.0,3.6823e-05,6.8825,12.468,35.999,42.68,69.031,1224.6,-0.029864,230.72,0.19621,liquid
300.0,1524.1,27175.0,3.6798e-05,6.8743,12.483,35.959,42.695,69.012,1226.6,-0.029914,231.37,0.19657,liquid
300.0,1531.5,27193.0,3.6774e-05,6.8661,12.498,35.92,42.71,68.994,1228.7,-0.029963,232.02,0.19693,liquid
300.0,1538.8,27211.0,3.675e-05,6.858,12.513,35.881,42.726,68.976,1230.7,-0.030012,232.67,0.19729,liquid
300.0,1546.1,27229.0,3.6726e-05,6.8499,12.528,35.841,42.741,68.958,1232.7,-0.03006,233.32,0.19765,liquid
300.0,1553.5,27246.0,3.6702e-05,6.8419,12.544,35.802,42.757,68.94,1234.7,-0.030108,233.97,0.19801,liquid
300.0,1560.8,27264.0,3.6678e-05,6.8339,12.559,35.763,42.772,68.922,1236.7,-0.030155,234.62,0.19837,liquid
300.0,1568.2,27282.0,3.6655e-05,6.8259,12.574,35.724,42.787,68.905,1238.7,-0.030202,235.27,0.19873,liquid
300.0,1575.5,27299.0,3.6631e-05,6.818,12.589,35.686,42.802,68.888,1240.7,-0.030248,235.91,0.19908,liquid
300.0,1582.9,27316.0,3.6608e-05,6.8101,12.605,35.647,42.818,68.871,1242.7,-0.030294,236.56,0.19944,liquid
300.0,1590.2,27334.0,3.6585e-05,6.8022,12.62,35.608,42.833,68.854,1244.7,-0.030339,237.21,0.1998,liquid
300.0,1597.6,27351.0,3.6562e-05,6.7944,12.635,35.57,42.848,68.838,1246.7,-0.030384,237.86,0.20015,liquid
300.0,1604.9,27368.0,3.6539e-05,6.7866,12.651,35.532,42.864,68.821,1248.6,-0.030429,238.51,0.20051,liquid
300.0,1612.3,27385.0,3.6516e-05,6.7788,12.666,35.494,42.879,68.805,1250.6,-0.030473,239.15,0.20086,liquid
300.0,1619.6,27403.0,3.6493e-05,6.7711,12.682,35.456,42.894,68.789,1252.6,-0.030516,239.8,0.20122,liquid
300.0,1627.0,27420.0,3.647e-05,6.7634,12.697,35.418,42.91,68.773,1254.5,-0.030559,240.45,0.20157,liquid
300.0,1634.3,27437.0,3.6448e-05,6.7558,12.713,35.38,42.925,68.758,1256.4,-0.030602,241.1,0.20192,liquid
300.0,1641.7,27454.0,3.6425e-05,6.7481,12.728,35.342,42.94,68.742,1258.4,-0.030644,241.74,0.20227,liquid
300.0,1649.0,27470.0,3.6403e-05,6.7405,12.743,35.305,42.955,68.727,1260.3,-0.030686,242.39,0.20263,liquid
300.0,1656.4,27487.0,3.6381e-05,6.733,12.759,35.267,42.971,68.712,1262.2,-0.030728,243.03,0.20298,liquid
300.0,1663.7,27504.0,3.6359e-05,6.7255,12.775,35.23,42.986,68.697,1264.1,-0.030769,243.68,0.20333,liquid
300.0,1671.1,27521.0,3.6336e-05,6.718,12.79,35.193,43.001,68.682,1266.1,-0.030809,244.33,0.20368,liquid
300.0,1678.4,27537.0,3.6315e-05,6.7105,12.806,35.156,43.017,68.667,1268.0,-0.03085,244.97,0.20403,liquid
300.0,1685.8,27554.0,3.6293e-05,6.7031,12.821,35.119,43.032,68.653,1269.9,-0.030889,245.62,0.20438,liquid
300.0,1693.1,27570.0,3.6271e-05,6.6957,12.837,35.082,43.047,68.639,1271.8,-0.030929,246.26,0.20473,liquid
300.0,1700.5,27587.0,3.6249e-05,6.6883,12.852,35.045,43.062,68.624,1273.6,-0.030968,246.91,0.20507,liquid
300.0,1707.8,27603.0,3.6228e-05,6.6809,12.868,35.008,43.078,68.61,1275.5,-0.031007,247.55,0.20542,liquid
300.0,1715.2,27619.0,3.6207e-05,6.6736,12.884,34.972,43.093,68.597,1277.4,-0.031045,248.2,0.20577,liquid
300.0,1722.5,27636.0,3.6185e-05,6.6664,12.899,34.935,43.108,68.583,1279.3,-0.031083,248.84,0.20611,liquid
300.0,1729.9,27652.0,3.6164e-05,6.6591,12.915,34.899,43.123,68.569,1281.1,-0.031121,249.48,0.20646,liquid
300.0,1737.2,27668.0,3.6143e-05,6.6519,12.931,34.862,43.138,68.556,1283.0,-0.031158,250.13,0.20681,liquid
300.0,1744.6,27684.0,3.6122e-05,6.6447,12.946,34.826,43.154,68.543,1284.8,-0.031195,250.77,0.20715,liquid
300.0,1751.9,27700.0,3.6101e-05,6.6375,12.962,34.79,43.169,68.53,1286.7,-0.031231,251.42,0.2075,liquid
300.0,1759.3,27716.0,3.608e-05,6.6304,12.978,34.754,43.184,68.517,1288.5,-0.031267,252.06,0.20784,liquid
300.0,1766.6,27732.0,3.6059e-05,6.6233,12.994,34.718,43.199,68.504,1290.3,-0.031303,252.7,0.20818,liquid
300.0,1773.9,27748.0,3.6039e-05,6.6162,13.009,34.683,43.215,68.491,1292.2,-0.031339,253.35,0.20853,liquid
300.0,1781.3,27764.0,3.6018e-05,6.6092,13.025,34.647,43.23,68.479,1294.0,-0.031374,253.99,0.20887,liquid
300.0,1788.6,27779.0,3.5998e-05,6.6022,13.041,34.612,43.245,68.466,1295.8,-0.031409,254.63,0.20921,liquid
300.0,1796.0,27795.0,3.5977e-05,6.5952,13.057,34.576,43.26,68.454,1297.6,-0.031443,255.27,0.20955,liquid
300.0,1803.3,27811.0,3.5957e-05,6.5882,13.073,34.541,43.275,68.442,1299.4,-0.031477,255.92,0.2099,liquid
300.0,1810.7,27826.0,3.5937e-05,6.5813,13.088,34.505,43.29,68.43,1301.2,-0.031511,256.56,0.21024,liquid
300.0,1818.0,27842.0,3.5917e-05,6.5744,13.104,34.47,43.306,68.418,1303.0,-0.031545,257.2,0.21058,liquid
300.0,1825.4,27858.0,3.5897e-05,6.5675,13.12,34.435,43.321,68.406,1304.8,-0.031578,257.84,0.21092,liquid
300.0,1832.7,27873.0,3.5877e-05,6.5607,13.136,34.4,43.336,68.395,1306.6,-0.031611,258.49,0.21126,liquid
300.0,1840.1,27888.0,3.5857e-05,6.5538,13.152,34.365,43.351,68.383,1308.4,-0.031643,259.13,0.2116,liquid
300.0,1847.4,27904.0,3.5837e-05,6.547,13.168,34.331,43.366,68.372,1310.2,-0.031676,259.77,0.21194,liquid
300.0,1854.8,27919.0,3.5818e-05,6.5403,13.184,34.296,43.381,68.361,1311.9,-0.031708,260.41,0.21227,liquid
300.0,1862.1,27934.0,3.5798e-05,6.5335,13.2,34.261,43.396,68.35,1313.7,-0.031739,261.05,0.21261,liquid
300.0,1869.5,27950.0,3.5779e-05,6.5268,13.216,34.227,43.412,68.339,1315.5,-0.031771,261.69,0.21295,liquid
300.0,1876.8,27965.0,3.5759e-05,6.5201,13.232,34.192,43.427,68.328,1317.2,-0.031802,262.33,0.21329,liquid
300.0,1884.2,27980.0,3.574e-05,6.5135,13.248,34.158,43.442,68.317,1319.0,-0.031833,262.98,0.21362,liquid
300.0,1891.5,27995.0,3.5721e-05,6.5068,13.264,34.124,43.457,68.307,1320.7,-0.031863,263.62,0.21396,liquid
300.0,1898.9,28010.0,3.5702e-05,6.5002,13.28,34.09,43.472,68.296,1322.5,-0.031894,264.26,0.2143,liquid
300.0,1906.2,28025.0,3.5683e-05,6.4936,13.296,34.056,43.487,68.286,1324.2,-0.031924,264.9,0.21463,liquid
300.0,1913.6,28040.0,3.5664e-05,6.4871,13.312,34.022,43.502,68.275,1325.9,-0.031953,265.54,0.21497,liquid
300.0,1920.9,28055.0,3.5645e-05,6.4805,13.328,33.988,43.517,68.265,1327.6,-0.031983,266.18,0.2153,liquid
300.0,1928.3,28070.0,3.5626e-05,6.474,13.344,33.954,43.532,68.255,1329.4,-0.032012,266.82,0.21564,liquid
300.0,1935.6,28084.0,3.5607e-05,6.4676,13.36,33.92,43.547,68.245,1331.1,-0.032041,267.46,0.21597,liquid
300.0,1943.0,28099.0,3.5588e-05,6.4611,13.376,33.887,43.562,68.235,1332.8,-0.03207,268.1,0.2163,liquid
300.0,1950.3,28114.0,3.557e-05,6.4547,13.392,33.853,43.577,68.226,1334.5,-0.032098,268.74,0.21664,liquid
300.0,1957.7,28128.0,3.5551e-05,6.4482,13.408,33.82,43.592,68.216,1336.2,-0.032126,269.38,0.21697,liquid
300.0,1965.0,28143.0,3.5533e-05,6.4419,13.424,33.786,43.607,68.207,1337.9,-0.032154,270.02,0.2173,liquid
300.0,1972.4,28158.0,3.5514e-05,6.4355,13.44,33.753,43.622,68.197,1339.6,-0.032182,270.66,0.21763,liquid
300.0,1979.7,28172.0,3.5496e-05,6.4292,13.456,33.72,43.637,68.188,1341.3,-0.032209,271.3,0.21796,liquid
300.0,1987.1,28187.0,3.5478e-05,6.4228,13.472,33.687,43.652,68.179,1343.0,-0.032236,271.94,0.2183,liquid
300.0,1994.4,28201.0,3.546e-05,6.4165,13.489,33.654,43.667,68.17,1344.6,-0.032263,272.58,0.21863,liquid
300.0,2001.7,28215.0,3.5442e-05,6.4103,13.505,33.621,43.682,68.161,1346.3,-0.03229,273.22,0.21896,liquid
300.0,2009.1,28230.0,3.5424e-05,6.404,13.521,33.588,43.697,68.152,1348.0,-0.032316,273.86,0.21929,liquid
300.0,2016.4,28244.0,3.5406e-05,6.3978,13.537,33.555,43.712,68.143,1349.6,-0.032342,274.5,0.21962,liquid
300.0,2023.8,28258.0,3.5388e-05,6.3916,13.553,33.523,43.727,68.134,1351.3,-0.032368,275.14,0.21995,liquid
300.0,2031.1,28273.0,3.537e-05,6.3854,13.57,33.49,43.742,68.126,1353.0,-0.032394,275.78,0.22027,liquid
300.0,2038.5,28287.0,3.5352e-05,6.3793,13.586,33.457,43.757,68.117,1354.6,-0.03242,276.41,0.2206,liquid
300.0,2045.8,28301.0,3.5335e-05,6.3732,13.602,33.425,43.772,68.109,1356.3,-0.032445,277.05,0.22093,liquid
300.0,2053.2,28315.0,3.5317e-05,6.367,13.618,33.393,43.787,68.101,1357.9,-0.03247,277.69,0.22126,liquid
300.0,2060.5,28329.0,3.5299e-05,6.361,13.635,33.36,43.802,68.093,1359.5,-0.032495,278.33,0.22159,liquid
300.0,2067.9,28343.0,3.5282e-05,6.3549,13.651,33.328,43.817,68.084,1361.2,-0.032519,278.97,0.22191,liquid
300.0,2075.2,28357.0,3.5265e-05,6.3489,13.667,33.296,43.832,68.076,1362.8,-0.032544,279.61,0.22224,liquid
300.0,2082.6,28371.0,3.5247e-05,6.3428,13.683,33.264,43.847,68.068,1364.4,-0.032568,280.25,0.22257,liquid
300.0,2089.9,28385.0,3.523e-05,6.3368,13.7,33.232,43.862,68.061,1366.1,-0.032592,280.89,0.22289,liquid
300.0,2097.3,28399.0,3.5213e-05,6.3309,13.716,33.2,43.877,68.053,1367.7,-0.032616,281.53,0.22322,liquid
300.0,2104.6,28413.0,3.5196e-05,6.3249,13.732,33.168,43.892,68.045,1369.3,-0.032639,282.16,0.22355,liquid
300.0,2112.0,28426.0,3.5179e-05,6.319,13.749,33.136,43.906,68.038,1370.9,-0.032663,282.8,0.22387,liquid
300.0,2119.3,28440.0,3.5162e-05,6.3131,13.765,33.105,43.921,68.03,1372.5,-0.032686,283.44,0.2242,liquid
300.0,2126.7,28454.0,3.5145e-05,6.3072,13.781,33.073,43.936,68.023,1374.1,-0.032709,284.08,0.22452,liquid
300.0,2134.0,28468.0,3.5128e-05,6.3013,13.798,33.041,43.951,68.015,1375.7,-0.032731,284.72,0.22484,liquid
300.0,2141.4,28481.0,3.5111e-05,6.2955,13.814,33.01,43.966,68.008,1377.3,-0.032754,285.36,0.22517,liquid
300.0,2148.7,28495.0,3.5094e-05,6.2896,13.83,32.978,43.981,68.001,1378.9,-0.032776,285.99,0.22549,liquid
300.0,2156.1,28508.0,3.5077e-05,6.2838,13.847,32.947,43.996,67.994,1380.5,-0.032798,286.63,0.22581,liquid
300.0,2163.4,28522.0,3.5061e-05,6.278,13.863,32.916,44.01,67.987,1382.0,-0.03282,287.27,0.22614,liquid
300.0,2170.8,28535.0,3.5044e-05,6.2723,13.88,32.885,44.025,67.98,1383.6,-0.032842,287.91,0.22646,liquid
300.0,2178.1,28549.0,3.5028e-05,6.2665,13.896,32.854,44.04,67.973,1385.2,-0.032864,288.55,0.22678,liquid
300.0,2185.5,28562.0,3.5011e-05,6.2608,13.912,32.823,44.055,67.966,1386.8,-0.032885,289.18,0.2271,liquid
300.0,2192.8,28576.0,3.4995e-05,6.2551,13.929,32.792,44.07,67.96,1388.3,-0.032906,289.82,0.22743,liquid
300.0,2200.2,28589.0,3.4979e-05,6.2494,13.945,32.761,44.084,67.953,1389.9,-0.032927,290.46,0.22775,liquid
300.0,2207.5,28602.0,3.4962e-05,6.2437,13.962,32.73,44.099,67.947,1391.4,-0.032948,291.1,0.22807,liquid
300.0,2214.8,28616.0,3.4946e-05,6.2381,13.978,32.699,44.114,67.94,1393.0,-0.032969,291.74,0.22839,liquid
300.0,2222.2,28629.0,3.493e-05,6.2325,13.995,32.668,44.129,67.934,1394.5,-0.032989,292.37,0.22871,liquid
300.0,2229.5,28642.0,3.4914e-05,6.2269,14.011,32.638,44.144,67.928,1396.1,-0.03301,293.01,0.22903,liquid
300.0,2236.9,28655.0,3.4898e-05,6.2213,14.028,32.607,44.158,67.921,1397.6,-0.03303,293.65,0.22935,liquid
300.0,2244.2,28668.0,3.4882e-05,6.2157,14.044,32.577,44.173,67.915,1399.2,-0.03305,294.29,0.22967,liquid
300.0,2251.6,28681.0,3.4866e-05,6.2102,14.061,32.546,44.188,67.909,1400.7,-0.03307,294.93,0.22999,liquid
300.0,2258.9,28694.0,3.485e-05,6.2046,14.077,32.516,44.202,67.903,1402.2,-0.033089,295.56,0.23031,liquid
300.0,2266.3,28707.0,3.4834e-05,6.1991,14.094,32.486,44.217,67.897,1403.8,-0.033109,296.2,0.23062,liquid
300.0,2273.6,28720.0,3.4818e-05,6.1936,14.11,32.455,44.232,67.891,1405.3,-0.033128,296.84,0.23094,liquid
300.0,2281.0,28733.0,3.4803e-05,6.1882,14.127,32.425,44.247,67.886,1406.8,-0.033147,297.48,0.23126,liquid
300.0,2288.3,28746.0,3.4787e-05,6.1827,14.143,32.395,44.261,67.88,1408.3,-0.033166,298.11,0.23158,liquid
300.0,2295.7,28759.0,3.4771e-05,6.1773,14.16,32.365,44.276,67.874,1409.8,-0.033185,298.75,0.2319,liquid
300.0,2303.0,28772.0,3.4756e-05,6.1719,14.176,32.335,44.291,67.869,1411.3,-0.033203,299.39,0.23221,liquid
300.0,2310.4,28785.0,3.474e-05,6.1665,14.193,32.305,44.305,67.863,1412.9,-0.033222,300.03,0.23253,liquid
300.0,2317.7,28798.0,3.4725e-05,6.1611,14.209,32.275,44.32,67.858,1414.4,-0.03324,300.67,0.23285,liquid
300.0,2325.1,28810.0,3.471e-05,6.1557,14.226,32.246,44.335,67.852,1415.9,-0.033258,301.3,0.23316,liquid
300.0,2332.4,28823.0,3.4694e-05,6.1504,14.243,32.216,44.349,67.847,1417.3,-0.033276,301.94,0.23348,liquid
300.0,2339.8,28836.0,3.4679e-05,6.1451,14.259,32.186,44.364,67.842,1418.8,-0.033294,302.58,0.23379,liquid
300.0,2347.1,28849.0,3.4664e-05,6.1397,14.276,32.157,44.378,67.837,1420.3,-0.033312,303.22,0.23411,liquid
300.0,2354.5,28861.0,3.4649e-05,6.1345,14.292,32.127,44.393,67.831,1421.8,-0.03333,303.85,0.23443,liquid
300.0,2361.8,28874.0,3.4633e-05,6.1292,14.309,32.098,44.408,67.826,1423.3,-0.033347,304.49,0.23474,liquid
300.0,2369.2,28886.0,3.4618e-05,6.1239,14.326,32.068,44.422,67.821,1424.8,-0.033364,305.13,0.23505,liquid
300.0,2376.5,28899.0,3.4603e-05,6.1187,14.342,32.039,44.437,67.816,1426.2,-0.033381,305.77,0.23537,liquid
300.0,2383.9,28911.0,3.4588e-05,6.1135,14.359,32.01,44.451,67.812,1427.7,-0.033398,306.4,0.23568,liquid
300.0,2391.2,28924.0,3.4573e-05,6.1083,14.376,31.98,44.466,67.807,1429.2,-0.033415,307.04,0.236,liquid
300.0,2398.6,28936.0,3.4559e-05,6.1031,14.392,31.951,44.481,67.802,1430.7,-0.033432,307.68,0.23631,liquid
300.0,2405.9,28949.0,3.4544e-05,6.0979,14.409,31.922,44.495,67.797,1432.1,-0.033448,308.32,0.23662,liquid
300.0,2413.3,28961.0,3.4529e-05,6.0928,14.425,31.893,44.51,67.793,1433.6,-0.033465,308.96,0.23694,liquid
300.0,2420.6,28974.0,3.4514e-05,6.0876,14.442,31.864,44.524,67.788,1435.0,-0.033481,309.59,0.23725,liquid
300.0,2428.0,28986.0,3.45e-05,6.0825,14.459,31.835,44.539,67.784,1436.5,-0.033497,310.23,0.23756,liquid
300.0,2435.3,28998.0,3.4485e-05,6.0774,14.476,31.806,44.553,67.779,1437.9,-0.033513,310.87,0.23787,liquid
300.0,2442.6,29010.0,3.447e-05,6.0723,14.492,31.778,44.568,67.775,1439.4,-0.033529,311.51,0.23819,liquid
300.0,2450.0,29023.0,3.4456e-05,6.0673,14.509,31.749,44.582,67.77,1440.8,-0.033545,312.14,0.2385,liquid
300.0,2457.3,29035.0,3.4441e-05,6.0622,14.526,31.72,44.597,67.766,1442.2,-0.03356,312.78,0.23881,liquid
300.0,2464.7,29047.0,3.4427e-05,6.0572,14.542,31.692,44.611,67.762,1443.7,-0.033576,313.42,0.23912,liquid
300.0,2472.0,29059.0,3.4412e-05,6.0522,14.559,31.663,44.626,67.758,1445.1,-0.033591,314.06,0.23943,liquid
300.0,2479.4,29071.0,3.4398e-05,6.0472,14.576,31.634,44.64,67.754,1446.5,-0.033606,314.7,0.23974,liquid
300.0,2486.7,29083.0,3.4384e-05,6.0422,14.593,31.606,44.655,67.75,1448.0,-0.033621,315.33,0.24005,liquid
300.0,2494.1,29096.0,3.437e-05,6.0372,14.609,31.578,44.669,67.746,1449.4,-0.033636,315.97,0.24036,liquid
300.0,2501.4,29108.0,3.4355e-05,6.0323,14.626,31.549,44.684,67.742,1450.8,-0.033651,316.61,0.24067,liquid
300.0,2508.8,29120.0,3.4341e-05,6.0273,14.643,31.521,44.698,67.738,1452.2,-0.033666,317.25,0.24098,liquid
300.0,2516.1,29132.0,3.4327e-05,6.0224,14.66,31.493,44.712,67.734,1453.6,-0.033681,317.88,0.24129,liquid
300.0,2523.5,29143.0,3.4313e-05,6.0175,14.676,31.465,44.727,67.73,1455.0,-0.033695,318.52,0.2416,liquid
300.0,2530.8,29155.0,3.4299e-05,6.0126,14.693,31.436,44.741,67.726,1456.5,-0.033709,319.16,0.24191,liquid
300.0,2538.2,29167.0,3.4285e-05,6.0078,14.71,31.408,44.756,67.723,1457.9,-0.033724,319.8,0.24222,liquid
300.0,2545.5,29179.0,3.4271e-05,6.0029,14.727,31.38,44.77,67.719,1459.3,-0.033738,320.44,0.24253,liquid
300.0,2552.9,29191.0,3.4257e-05,5.9981,14.743,31.352,44.784,67.715,1460.7,-0.033752,321.08,0.24284,liquid
300.0,2560.2,29203.0,3.4243e-05,5.9932,14.76,31.324,44.799,67.712,1462.1,-0.033766,321.71,0.24315,liquid
300.0,2567.6,29215.0,3.4229e-05,5.9884,14.777,31.297,44.813,67.708,1463.4,-0.033779,322.35,0.24345,liquid
300.0,2574.9,29226.0,3.4216e-05,5.9836,14.794,31.269,44.827,67.705,1464.8,-0.033793,322.99,0.24376,liquid
300.0,2582.3,29238.0,3.4202e-05,5.9788,14.811,31.241,44.842,67.702,1466.2,-0.033806,323.63,0.24407,liquid
300.0,2589.6,29250.0,3.4188e-05,5.9741,14.827,31.213,44.856,67.698,1467.6,-0.03382,324.27,0.24438,liquid
300.0,2597.0,29262.0,3.4175e-05,5.9693,14.844,31.186,44.87,67.695,1469.0,-0.033833,324.9,0.24468,liquid
300.0,2604.3,29273.0,3.4161e-05,5.9646,14.861,31.158,44.885,67.692,1470.4,-0.033846,325.54,0.24499,liquid
300.0,2611.7,29285.0,3.4147e-05,5.9599,14.878,31.131,44.899,67.688,1471.7,-0.033859,326.18,0.2453,liquid
300.0,2619.0,29296.0,3.4134e-05,5.9552,14.895,31.103,44.913,67.685,1473.1,-0.033872,326.82,0.2456,liquid
300.0,2626.4,29308.0,3.412e-05,5.9505,14.912,31.076,44.928,67.682,1474.5,-0.033885,327.46,0.24591,liquid
300.0,2633.7,29320.0,3.4107e-05,5.9458,14.929,31.048,44.942,67.679,1475.8,-0.033898,328.1,0.24621,liquid
300.0,2641.1,29331.0,3.4093e-05,5.9411,14.945,31.021,44.956,67.676,1477.2,-0.033911,328.74,0.24652,liquid
300.0,2648.4,29343.0,3.408e-05,5.9365,14.962,30.994,44.97,67.673,1478.6,-0.033923,329.37,0.24683,liquid
300.0,2655.7,29354.0,3.4067e-05,5.9319,14.979,30.967,44.985,67.67,1479.9,-0.033936,330.01,0.24713,liquid
300.0,2663.1,29366.0,3.4053e-05,5.9273,14.996,30.939,44.999,67.667,1481.3,-0.033948,330.65,0.24744,liquid
300.0,2670.4,29377.0,3.404e-05,5.9227,15.013,30.912,45.013,67.665,1482.6,-0.03396,331.29,0.24774,liquid
300.0,2677.8,29388.0,3.4027e-05,5.9181,15.03,30.885,45.027,67.662,1484.0,-0.033972,331.93,0.24805,liquid
300.0,2685.1,29400.0,3.4014e-05,5.9135,15.047,30.858,45.042,67.659,1485.3,-0.033984,332.57,0.24835,liquid
300.0,2692.5,29411.0,3.4001e-05,5.9089,15.064,30.831,45.056,67.656,1486.7,-0.033996,333.21,0.24865,liquid
300.0,2699.8,29422.0,3.3988e-05,5.9044,15.08,30.804,45.07,67.654,1488.0,-0.034008,333.85,0.24896,liquid
300.0,2707.2,29434.0,3.3975e-05,5.8999,15.097,30.777,45.084,67.651,1489.3,-0.03402,334.48,0.24926,liquid
300.0,2714.5,29445.0,3.3962e-05,5.8953,15.114,30.751,45.098,67.648,1490.7,-0.034031,335.12,0.24956,liquid
300.0,2721.9,29456.0,3.3949e-05,5.8908,15.131,30.724,45.113,67.646,1492.0,-0.034043,335.76,0.24987,liquid
300.0,2729.2,29468.0,3.3936e-05,5.8863,15.148,30.697,45.127,67.643,1493.3,-0.034054,336.4,0.25017,liquid
300.0,2736.6,29479.0,3.3923e-05,5.8819,15.165,30.67,45.141,67.641,1494.7,-0.034066,337.04,0.25047,liquid
300.0,2743.9,29490.0,3.391e-05,5.8774,15.182,30.644,45.155,67.639,1496.0,-0.034077,337.68,0.25078,liquid
300.0,2751.3,29501.0,3.3897e-05,5.873,15.199,30.617,45.169,67.636,1497.3,-0.034088,338.32,0.25108,liquid
300.0,2758.6,29512.0,3.3884e-05,5.8685,15.216,30.591,45.183,67.634,1498.6,-0.034099,338.96,0.25138,liquid
300.0,2766.0,29523.0,3.3871e-05,5.8641,15.233,30.564,45.197,67.632,1499.9,-0.03411,339.6,0.25168,liquid
300.0,2773.3,29534.0,3.3859e-05,5.8597,15.25,30.538,45.212,67.629,1501.3,-0.034121,340.24,0.25199,liquid
300.0,2780.7,29546.0,3.3846e-05,5.8553,15.267,30.511,45.226,67.627,1502.6,-0.034132,340.88,0.25229,liquid
300.0,2788.0,29557.0,3.3833e-05,5.8509,15.284,30.485,45.24,67.625,1503.9,-0.034142,341.52,0.25259,liquid
300.0,2795.4,29568.0,3.3821e-05,5.8466,15.301,30.459,45.254,67.623,1505.2,-0.034153,342.16,0.25289,liquid
300.0,2802.7,29579.0,3.3808e-05,5.8422,15.318,30.433,45.268,67.621,1506.5,-0.034163,342.8,0.25319,liquid
300.0,2810.1,29590.0,3.3796e-05,5.8379,15.335,30.406,45.282,67.619,1507.8,-0.034174,343.44,0.25349,liquid
300.0,2817.4,29601.0,3.3783e-05,5.8335,15.352,30.38,45.296,67.617,1509.1,-0.034184,344.08,0.25379,liquid
300.0,2824.8,29611.0,3.3771e-05,5.8292,15.369,30.354,45.31,67.615,1510.4,-0.034194,344.72,0.25409,liquid
300.0,2832.1,29622.0,3.3758e-05,5.8249,15.386,30.328,45.324,67.613,1511.7,-0.034205,345.36,0.25439,liquid
300.0,2839.5,29633.0,3.3746e-05,5.8206,15.403,30.302,45.338,67.611,1513.0,-0.034215,346.0,0.25469,liquid
300.0,2846.8,29644.0,3.3733e-05,5.8164,15.42,30.276,45.352,67.609,1514.3,-0.034225,346.64,0.25499,liquid
300.0,2854.2,29655.0,3.3721e-05,5.8121,15.437,30.25,45.366,67.607,1515.5,-0.034234,347.28,0.25529,liquid
300.0,2861.5,29666.0,3.3709e-05,5.8078,15.454,30.224,45.38,67.605,1516.8,-0.034244,347.92,0.25559,liquid
300.0,2868.9,29677.0,3.3697e-05,5.8036,15.471,30.198,45.394,67.604,1518.1,-0.034254,348.56,0.25589,liquid
300.0,2876.2,29687.0,3.3684e-05,5.7994,15.488,30.173,45.408,67.602,1519.4,-0.034264,349.2,0.25619,liquid
300.0,2883.5,29698.0,3.3672e-05,5.7952,15.505,30.147,45.422,67.6,1520.7,-0.034273,349.84,0.25649,liquid
300.0,2890.9,29709.0,3.366e-05,5.791,15.522,30.121,45.436,67.599,1521.9,-0.034283,350.48,0.25679,liquid
300.0,2898.2,29720.0,3.3648e-05,5.7868,15.539,30.095,45.45,67.597,1523.2,-0.034292,351.12,0.25709,liquid
300.0,2905.6,29730.0,3.3636e-05,5.7826,15.556,30.07,45.464,67.595,1524.5,-0.034301,351.76,0.25739,liquid
300.0,2912.9,29741.0,3.3624e-05,5.7785,15.573,30.044,45.478,67.594,1525.7,-0.034311,352.4,0.25769,liquid
300.0,2920.3,29752.0,3.3612e-05,5.7743,15.59,30.019,45.492,67.592,1527.0,-0.03432,353.04,0.25798,liquid
300.0,2927.6,29762.0,3.36e-05,5.7702,15.607,29.993,45.506,67.591,1528.3,-0.034329,353.68,0.25828,liquid
300.0,2935.0,29773.0,3.3588e-05,5.766,15.624,29.968,45.52,67.589,1529.5,-0.034338,354.32,0.25858,liquid
300.0,2942.3,29783.0,3.3576e-05,5.7619,15.641,29.942,45.534,67.588,1530.8,-0.034347,354.96,0.25888,liquid
300.0,2949.7,29794.0,3.3564e-05,5.7578,15.658,29.917,45.548,67.587,1532.0,-0.034356,355.6,0.25917,liquid
300.0,2957.0,29805.0,3.3552e-05,5.7538,15.675,29.892,45.561,67.585,1533.3,-0.034365,356.25,0.25947,liquid
300.0,2964.4,29815.0,3.354e-05,5.7497,15.692,29.866,45.575,67.584,1534.5,-0.034373,356.89,0.25977,liquid
300.0,2971.7,29826.0,3.3528e-05,5.7456,15.709,29.841,45.589,67.583,1535.8,-0.034382,357.53,0.26007,liquid
300.0,2979.1,29836.0,3.3516e-05,5.7416,15.726,29.816,45.603,67.581,1537.0,-0.034391,358.17,0.26036,liquid
300.0,2986.4,29847.0,3.3505e-05,5.7375,15.743,29.791,45.617,67.58,1538.3,-0.034399,358.81,0.26066,liquid
300.0,2993.8,29857.0,3.3493e-05,5.7335,15.761,29.766,45.631,67.579,1539.5,-0.034407,359.45,0.26096,liquid
300.0,3001.1,29867.0,3.3481e-05,5.7295,15.778,29.741,45.645,67.578,1540.7,-0.034416,360.09,0.26125,liquid
300.0,3008.5,29878.0,3.347e-05,5.7255,15.795,29.716,45.658,67.577,1542.0,-0.034424,360.74,0.26155,liquid
300.0,3015.8,29888.0,3.3458e-05,5.7215,15.812,29.691,45.672,67.576,1543.2,-0.034432,361.38,0.26184,liquid
300.0,3023.2,29899.0,3.3446e-05,5.7175,15.829,29.666,45.686,67.575,1544.5,-0.03444,362.02,0.26214,liquid
300.0,3030.5,29909.0,3.3435e-05,5.7135,15.846,29.641,45.7,67.573,1545.7,-0.034448,362.66,0.26244,liquid
300.0,3037.9,29919.0,3.3423e-05,5.7096,15.863,29.616,45.714,67.572,1546.9,-0.034456,363.3,0.26273,liquid
300.0,3045.2,29930.0,3.3412e-05,5.7056,15.88,29.591,45.727,67.572,1548.1,-0.034464,363.95,0.26303,liquid
300.0,3052.6,29940.0,3.34e-05,5.7017,15.897,29.566,45.741,67.571,1549.4,-0.034472,364.59,0.26332,liquid
300.0,3059.9,29950.0,3.3389e-05,5.6978,15.914,29.542,45.755,67.57,1550.6,-0.03448,365.23,0.26362,liquid
300.0,3067.3,29960.0,3.3377e-05,5.6939,15.932,29.517,45.769,67.569,1551.8,-0.034488,365.87,0.26391,liquid
300.0,3074.6,29971.0,3.3366e-05,5.69,15.949,29.492,45.782,67.568,1553.0,-0.034495,366.52,0.26421,liquid
300.0,3082.0,29981.0,3.3355e-05,5.6861,15.966,29.468,45.796,67.567,1554.2,-0.034503,367.16,0.2645,liquid
300.0,3089.3,29991.0,3.3343e-05,5.6822,15.983,29.443,45.81,67.566,1555.4,-0.03451,367.8,0.26479,liquid
300.0,3096.6,30001.0,3.3332e-05,5.6783,16.0,29.419,45.823,67.566,1556.6,-0.034518,368.44,0.26509,liquid
300.0,3104.0,30011.0,3.3321e-05,5.6745,16.017,29.394,45.837,67.565,1557.8,-0.034525,369.09,0.26538,liquid
300.0,3111.3,30021.0,3.331e-05,5.6706,16.034,29.37,45.851,67.564,1559.1,-0.034533,369.73,0.26568,liquid
300.0,3118.7,30032.0,3.3298e-05,5.6668,16.052,29.345,45.865,67.563,1560.3,-0.03454,370.37,0.26597,liquid
300.0,3126.0,30042.0,3.3287e-05,5.663,16.069,29.321,45.878,67.563,1561.5,-0.034547,371.02,0.26626,liquid
300.0,3133.4,30052.0,3.3276e-05,5.6592,16.086,29.296,45.892,67.562,1562.7,-0.034554,371.66,0.26656,liquid
300.0,3140.7,30062.0,3.3265e-05,5.6554,16.103,29.272,45.906,67.562,1563.9,-0.034561,372.3,0.26685,liquid
300.0,3148.1,30072.0,3.3254e-05,5.6516,16.12,29.248,45.919,67.561,1565.0,-0.034568,372.95,0.26714,liquid
300.0,3155.4,30082.0,3.3243e-05,5.6478,16.137,29.224,45.933,67.56,1566.2,-0.034575,373.59,0.26744,liquid
300.0,3162.8,30092.0,3.3232e-05,5.644,16.154,29.199,45.946,67.56,1567.4,-0.034582,374.23,0.26773,liquid
300.0,3170.1,30102.0,3.3221e-05,5.6403,16.172,29.175,45.96,67.559,1568.6,-0.034589,374.88,0.26802,liquid
300.0,3177.5,30112.0,3.321e-05,5.6365,16.189,29.151,45.974,67.559,1569.8,-0.034596,375.52,0.26831,liquid
300.0,3184.8,30122.0,3.3199e-05,5.6328,16.206,29.127,45.987,67.558,1571.0,-0.034602,376.16,0.2686,liquid
300.0,3192.2,30132.0,3.3188e-05,5.6291,16.223,29.103,46.001,67.558,1572.2,-0.034609,376.81,0.2689,liquid
300.0,3199.5,30142.0,3.3177e-05,5.6254,16.24,29.079,46.014,67.558,1573.4,-0.034616,377.45,0.26919,liquid
300.0,3206.9,30151.0,3.3166e-05,5.6217,16.258,29.055,46.028,67.557,1574.5,-0.034622,378.1,0.26948,liquid
300.0,3214.2,30161.0,3.3155e-05,5.618,16.275,29.031,46.042,67.557,1575.7,-0.034629,378.74,0.26977,liquid
300.0,3221.6,30171.0,3.3144e-05,5.6143,16.292,29.007,46.055,67.557,1576.9,-0.034635,379.38,0.27006,liquid
300.0,3228.9,30181.0,3.3133e-05,5.6106,16.309,28.983,46.069,67.556,1578.1,-0.034641,380.03,0.27036,liquid
300.0,3236.3,30191.0,3.3123e-05,5.607,16.326,28.96,46.082,67.556,1579.2,-0.034648,380.67,0.27065,liquid
300.0,3243.6,30201.0,3.3112e-05,5.6033,16.344,28.936,46.096,67.556,1580.4,-0.034654,381.32,0.27094,liquid
300.0,3251.0,30210.0,3.3101e-05,5.5997,16.361,28.912,46.109,67.556,1581.6,-0.03466,381.96,0.27123,liquid
300.0,3258.3,30220.0,3.309e-05,5.5961,16.378,28.888,46.123,67.555,1582.7,-0.034666,382.61,0.27152,liquid
300.0,3265.7,30230.0,3.308e-05,5.5924,16.395,28.865,46.136,67.555,1583.9,-0.034672,383.25,0.27181,liquid
300.0,3273.0,30240.0,3.3069e-05,5.5888,16.412,28.841,46.15,67.555,1585.0,-0.034678,383.9,0.2721,liquid
300.0,3280.4,30249.0,3.3058e-05,5.5852,16.43,28.818,46.163,67.555,1586.2,-0.034684,384.54,0.27239,liquid
300.0,3287.7,30259.0,3.3048e-05,5.5816,16.447,28.794,46.177,67.555,1587.4,-0.03469,385.19,0.27268,liquid
300.0,3295.1,30269.0,3.3037e-05,5.5781,16.464,28.77,46.19,67.555,1588.5,-0.034696,385.83,0.27297,liquid
300.0,3302.4,30278.0,3.3027e-05,5.5745,16.481,28.747,46.204,67.555,1589.7,-0.034702,386.48,0.27326,liquid
300.0,3309.7,30288.0,3.3016e-05,5.5709,16.498,28.723,46.217,67.555,1590.8,-0.034708,387.12,0.27355,liquid
300.0,3317.1,30298.0,3.3006e-05,5.5674,16.516,28.7,46.231,67.555,1592.0,-0.034713,387.77,0.27384,liquid
300.0,3324.4,30307.0,3.2995e-05,5.5638,16.533,28.677,46.244,67.555,1593.1,-0.034719,388.42,0.27413,liquid
300.0,3331.8,30317.0,3.2985e-05,5.5603,16.55,28.653,46.257,67.555,1594.2,-0.034724,389.06,0.27442,liquid
300.0,3339.1,30327.0,3.2974e-05,5.5568,16.567,28.63,46.271,67.555,1595.4,-0.03473,389.71,0.27471,liquid
300.0,3346.5,30336.0,3.2964e-05,5.5533,16.585,28.607,46.284,67.555,1596.5,-0.034735,390.35,0.275,liquid
300.0,3353.8,30346.0,3.2954e-05,5.5498,16.602,28.583,46.298,67.555,1597.7,-0.034741,391.0,0.27529,liquid
300.0,3361.2,30355.0,3.2943e-05,5.5463,16.619,28.56,46.311,67.555,1598.8,-0.034746,391.65,0.27558,liquid
300.0,3368.5,30365.0,3.2933e-05,5.5428,16.636,28.537,46.324,67.555,1599.9,-0.034752,392.29,0.27586,liquid
300.0,3375.9,30374.0,3.2923e-05,5.5394,16.654,28.514,46.338,67.556,1601.1,-0.034757,392.94,0.27615,liquid
300.0,3383.2,30384.0,3.2912e-05,5.5359,16.671,28.491,46.351,67.556,1602.2,-0.034762,393.59,0.27644,liquid
300.0,3390.6,30393.0,3.2902e-05,5.5325,16.688,28.468,46.364,67.556,1603.3,-0.034767,394.23,0.27673,liquid
300.0,3397.9,30403.0,3.2892e-05,5.529,16.705,28.445,46.378,67.556,1604.5,-0.034772,394.88,0.27702,liquid
300.0,3405.3,30412.0,3.2882e-05,5.5256,16.723,28.422,46.391,67.557,1605.6,-0.034778,395.53,0.27731,liquid
300.0,3412.6,30422.0,3.2871e-05,5.5222,16.74,28.399,46.404,67.557,1606.7,-0.034783,396.17,0.27759,liquid
300.0,3420.0,30431.0,3.2861e-05,5.5188,16.757,28.376,46.418,67.557,1607.8,-0.034788,396.82,0.27788,liquid
300.0,3427.3,30440.0,3.2851e-05,5.5154,16.775,28.353,46.431,67.557,1609.0,-0.034793,397.47,0.27817,liquid
300.0,3434.7,30450.0,3.2841e-05,5.512,16.792,28.33,46.444,67.558,1610.1,-0.034797,398.11,0.27846,liquid
300.0,3442.0,30459.0,3.2831e-05,5.5086,16.809,28.307,46.458,67.558,1611.2,-0.034802,398.76,0.27874,liquid
300.0,3449.4,30468.0,3.2821e-05,5.5052,16.826,28.284,46.471,67.559,1612.3,-0.034807,399.41,0.27903,liquid
300.0,3456.7,30478.0,3.2811e-05,5.5018,16.844,28.262,46.484,67.559,1613.4,-0.034812,400.06,0.27932,liquid
300.0,3464.1,30487.0,3.2801e-05,5.4985,16.861,28.239,46.497,67.559,1614.5,-0.034817,400.7,0.27961,liquid
300.0,3471.4,30496.0,3.2791e-05,5.4951,16.878,28.216,46.511,67.56,1615.6,-0.034821,401.35,0.27989,liquid
300.0,3478.8,30506.0,3.2781e-05,5.4918,16.895,28.193,46.524,67.56,1616.7,-0.034826,402.0,0.28018,liquid
300.0,3486.1,30515.0,3.2771e-05,5.4885,16.913,28.171,46.537,67.561,1617.9,-0.03483,402.65,0.28047,liquid
300.0,3493.5,30524.0,3.2761e-05,5.4852,16.93,28.148,46.55,67.561,1619.0,-0.034835,403.3,0.28075,liquid
300.0,3500.8,30533.0,3.2751e-05,5.4818,16.947,28.126,46.564,67.562,1620.1,-0.034839,403.95,0.28104,liquid
300.0,3508.2,30543.0,3.2741e-05,5.4786,16.965,28.103,46.577,67.562,1621.2,-0.034844,404.59,0.28132,liquid
300.0,3515.5,30552.0,3.2731e-05,5.4753,16.982,28.08,46.59,67.563,1622.3,-0.034848,405.24,0.28161,liquid
300.0,3522.9,30561.0,3.2721e-05,5.472,16.999,28.058,46.603,67.563,1623.4,-0.034853,405.89,0.2819,liquid
300.0,3530.2,30570.0,3.2712e-05,5.4687,17.017,28.036,46.616,67.564,1624.5,-0.034857,406.54,0.28218,liquid
300.0,3537.5,30579.0,3.2702e-05,5.4654,17.034,28.013,46.63,67.565,1625.5,-0.034861,407.19,0.28247,liquid
300.0,3544.9,30589.0,3.2692e-05,5.4622,17.051,27.991,46.643,67.565,1626.6,-0.034865,407.84,0.28275,liquid
300.0,3552.2,30598.0,3.2682e-05,5.4589,17.068,27.968,46.656,67.566,1627.7,-0.03487,408.49,0.28304,liquid
300.0,3559.6,30607.0,3.2673e-05,5.4557,17.086,27.946,46.669,67.567,1628.8,-0.034874,409.14,0.28332,liquid
300.0,3566.9,30616.0,3.2663e-05,5.4525,17.103,27.924,46.682,67.567,1629.9,-0.034878,409.79,0.28361,liquid
300.0,3574.3,30625.0,3.2653e-05,5.4493,17.12,27.901,46.695,67.568,1631.0,-0.034882,410.44,0.2839,liquid
300.0,3581.6,30634.0,3.2643e-05,5.4461,17.138,27.879,46.708,67.569,1632.1,-0.034886,411.09,0.28418,liquid
300.0,3589.0,30643.0,3.2634e-05,5.4429,17.155,27.857,46.722,67.57,1633.2,-0.03489,411.74,0.28447,liquid
300.0,3596.3,30652.0,3.2624e-05,5.4397,17.172,27.835,46.735,67.57,1634.2,-0.034894,412.39,0.28475,liquid
300.0,3603.7,30661.0,3.2615e-05,5.4365,17.19,27.813,46.748,67.571,1635.3,-0.034898,413.04,0.28503,liquid
300.0,3611.0,30670.0,3.2605e-05,5.4333,17.207,27.791,46.761,67.572,1636.4,-0.034901,413.69,0.28532,liquid
300.0,3618.4,30679.0,3.2595e-05,5.4301,17.224,27.769,46.774,67.573,1637.5,-0.034905,414.34,0.2856,liquid
300.0,3625.7,30688.0,3.2586e-05,5.427,17.242,27.746,46.787,67.574,1638.5,-0.034909,414.99,0.28589,liquid
300.0,3633.1,30697.0,3.2576e-05,5.4238,17.259,27.724,46.8,67.574,1639.6,-0.034913,415.64,0.28617,liquid
300.0,3640.4,30706.0,3.2567e-05,5.4207,17.276,27.702,46.813,67.575,1640.7,-0.034916,416.29,0.28646,liquid
300.0,3647.8,30715.0,3.2557e-05,5.4176,17.294,27.681,46.826,67.576,1641.8,-0.03492,416.94,0.28674,liquid
300.0,3655.1,30724.0,3.2548e-05,5.4144,17.311,27.659,46.839,67.577,1642.8,-0.034924,417.59,0.28702,liquid
300.0,3662.5,30733.0,3.2538e-05,5.4113,17.328,27.637,46.852,67.578,1643.9,-0.034927,418.24,0.28731,liquid
300.0,3669.8,30742.0,3.2529e-05,5.4082,17.346,27.615,46.865,67.579,1645.0,-0.034931,418.89,0.28759,liquid
300.0,3677.2,30751.0,3.252e-05,5.4051,17.363,27.593,46.878,67.58,1646.0,-0.034934,419.54,0.28788,liquid
300.0,3684.5,30760.0,3.251e-05,5.402,17.38,27.571,46.891,67.581,1647.1,-0.034938,420.19,0.28816,liquid
300.0,3691.9,30768.0,3.2501e-05,5.3989,17.398,27.549,46.904,67.582,1648.1,-0.034941,420.85,0.28844,liquid
300.0,3699.2,30777.0,3.2491e-05,5.3959,17.415,27.528,46.917,67.583,1649.2,-0.034945,421.5,0.28873,liquid
300.0,3706.6,30786.0,3.2482e-05,5.3928,17.433,27.506,46.93,67.584,1650.2,-0.034948,422.15,0.28901,liquid
300.0,3713.9,30795.0,3.2473e-05,5.3898,17.45,27.484,46.943,67.585,1651.3,-0.034951,422.8,0.28929,liquid
300.0,3721.3,30804.0,3.2464e-05,5.3867,17.467,27.463,46.956,67.586,1652.4,-0.034955,423.45,0.28957,liquid
300.0,3728.6,30813.0,3.2454e-05,5.3837,17.485,27.441,46.969,67.587,1653.4,-0.034958,424.1,0.28986,liquid
300.0,3736.0,30821.0,3.2445e-05,5.3806,17.502,27.419,46.982,67.588,1654.5,-0.034961,424.76,0.29014,liquid
300.0,3743.3,30830.0,3.2436e-05,5.3776,17.519,27.398,46.995,67.589,1655.5,-0.034964,425.41,0.29042,liquid
300.0,3750.6,30839.0,3.2427e-05,5.3746,17.537,27.376,47.008,67.59,1656.6,-0.034967,426.06,0.29071,liquid
300.0,3758.0,30848.0,3.2417e-05,5.3716,17.554,27.355,47.021,67.591,1657.6,-0.03497,426.71,0.29099,liquid
300.0,3765.3,30856.0,3.2408e-05,5.3686,17.571,27.333,47.033,67.593,1658.6,-0.034973,427.37,0.29127,liquid
300.0,3772.7,30865.0,3.2399e-05,5.3656,17.589,27.312,47.046,67.594,1659.7,-0.034977,428.02,0.29155,liquid
300.0,3780.0,30874.0,3.239e-05,5.3626,17.606,27.29,47.059,67.595,1660.7,-0.03498,428.67,0.29183,liquid
300.0,3787.4,30882.0,3.2381e-05,5.3597,17.624,27.269,47.072,67.596,1661.8,-0.034982,429.33,0.29212,liquid
300.0,3794.7,30891.0,3.2372e-05,5.3567,17.641,27.247,47.085,67.597,1662.8,-0.034985,429.98,0.2924,liquid
300.0,3802.1,30900.0,3.2363e-05,5.3537,17.658,27.226,47.098,67.599,1663.8,-0.034988,430.63,0.29268,liquid
300.0,3809.4,30908.0,3.2354e-05,5.3508,17.676,27.205,47.111,67.6,1664.9,-0.034991,431.29,0.29296,liquid
300.0,3816.8,30917.0,3.2345e-05,5.3478,17.693,27.183,47.124,67.601,1665.9,-0.034994,431.94,0.29324,liquid
300.0,3824.1,30926.0,3.2336e-05,5.3449,17.71,27.162,47.136,67.602,1666.9,-0.034997,432.59,0.29352,liquid
300.0,3831.5,30934.0,3.2327e-05,5.342,17.728,27.141,47.149,67.604,1668.0,-0.035,433.25,0.29381,liquid
300.0,3838.8,30943.0,3.2318e-05,5.3391,17.745,27.12,47.162,67.605,1669.0,-0.035002,433.9,0.29409,liquid
300.0,3846.2,30952.0,3.2309e-05,5.3361,17.763,27.099,47.175,67.606,1670.0,-0.035005,434.56,0.29437,liquid
300.0,3853.5,30960.0,3.23e-05,5.3332,17.78,27.077,47.188,67.607,1671.0,-0.035008,435.21,0.29465,liquid
300.0,3860.9,30969.0,3.2291e-05,5.3303,17.797,27.056,47.2,67.609,1672.1,-0.03501,435.86,0.29493,liquid
300.0,3868.2,30977.0,3.2282e-05,5.3275,17.815,27.035,47.213,67.61,1673.1,-0.035013,436.52,0.29521,liquid
300.0,3875.6,30986.0,3.2273e-05,5.3246,17.832,27.014,47.226,67.612,1674.1,-0.035015,437.17,0.29549,liquid
300.0,3882.9,30994.0,3.2264e-05,5.3217,17.85,26.993,47.239,67.613,1675.1,-0.035018,437.83,0.29577,liquid
300.0,3890.3,31003.0,3.2255e-05,5.3188,17.867,26.972,47.251,67.614,1676.1,-0.03502,438.48,0.29605,liquid
300.0,3897.6,31011.0,3.2246e-05,5.316,17.884,26.951,47.264,67.616,1677.2,-0.035023,439.14,0.29633,liquid
300.0,3905.0,31020.0,3.2238e-05,5.3131,17.902,26.93,47.277,67.617,1678.2,-0.035025,439.79,0.29661,liquid
300.0,3912.3,31028.0,3.2229e-05,5.3103,17.919,26.909,47.29,67.619,1679.2,-0.035028,440.45,0.29689,liquid
300.0,3919.7,31037.0,3.222e-05,5.3075,17.937,26.888,47.302,67.62,1680.2,-0.03503,441.1,0.29717,liquid
300.0,3927.0,31045.0,3.2211e-05,5.3046,17.954,26.867,47.315,67.621,1681.2,-0.035032,441.76,0.29745,liquid
300.0,3934.4,31054.0,3.2202e-05,5.3018,17.971,26.846,47.328,67.623,1682.2,-0.035035,442.42,0.29773,liquid
300.0,3941.7,31062.0,3.2194e-05,5.299,17.989,26.826,47.34,67.624,1683.2,-0.035037,443.07,0.29801,liquid
300.0,3949.1,31070.0,3.2185e-05,5.2962,18.006,26.805,47.353,67.626,1684.2,-0.035039,443.73,0.29829,liquid
300.0,3956.4,31079.0,3.2176e-05,5.2934,18.024,26.784,47.366,67.627,1685.2,-0.035042,444.38,0.29857,liquid
300.0,3963.8,31087.0,3.2168e-05,5.2906,18.041,26.763,47.378,67.629,1686.3,-0.035044,445.04,0.29885,liquid
300.0,3971.1,31096.0,3.2159e-05,5.2878,18.058,26.743,47.391,67.63,1687.3,-0.035046,445.7,0.29913,liquid
300.0,3978.4,31104.0,3.215e-05,5.2851,18.076,26.722,47.404,67.632,1688.3,-0.035048,446.35,0.29941,liquid
300.0,3985.8,31112.0,3.2142e-05,5.2823,18.093,26.701,47.416,67.634,1689.3,-0.03505,447.01,0.29969,liquid
300.0,3993.1,31121.0,3.2133e-05,5.2795,18.111,26.681,47.429,67.635,1690.3,-0.035052,447.67,0.29997,liquid
300.0,4000.5,31129.0,3.2124e-05,5.2768,18.128,26.66,47.442,67.637,1691.2,-0.035054,448.32,0.30025,liquid
300.0,4007.8,31137.0,3.2116e-05,5.2741,18.146,26.639,47.454,67.638,1692.2,-0.035056,448.98,0.30053,liquid
300.0,4015.2,31146.0,3.2107e-05,5.2713,18.163,26.619,47.467,67.64,1693.2,-0.035058,449.64,0.30081,liquid
300.0,4022.5,31154.0,3.2099e-05,5.2686,18.18,26.598,47.479,67.642,1694.2,-0.03506,450.29,0.30109,liquid
300.0,4029.9,31162.0,3.209e-05,5.2659,18.198,26.578,47.492,67.643,1695.2,-0.035062,450.95,0.30137,liquid
300.0,4037.2,31170.0,3.2082e-05,5.2631,18.215,26.557,47.505,67.645,1696.2,-0.035064,451.61,0.30164,liquid
300.0,4044.6,31179.0,3.2073e-05,5.2604,18.233,26.537,47.517,67.646,1697.2,-0.035066,452.27,0.30192,liquid
300.0,4051.9,31187.0,3.2065e-05,5.2577,18.25,26.516,47.53,67.648,1698.2,-0.035068,452.93,0.3022,liquid
300.0,4059.3,31195.0,3.2056e-05,5.255,18.268,26.496,47.542,67.65,1699.2,-0.03507,453.58,0.30248,liquid
300.0,4066.6,31203.0,3.2048e-05,5.2524,18.285,26.475,47.555,67.652,1700.2,-0.035071,454.24,0.30276,liquid
300.0,4074.0,31212.0,3.2039e-05,5.2497,18.302,26.455,47.567,67.653,1701.1,-0.035073,454.9,0.30304,liquid
300.0,4081.3,31220.0,3.2031e-05,5.247,18.32,26.435,47.58,67.655,1702.1,-0.035075,455.56,0.30331,liquid
300.0,4088.7,31228.0,3.2023e-05,5.2443,18.337,26.414,47.592,67.657,1703.1,-0.035077,456.22,0.30359,liquid
300.0,4096.0,31236.0,3.2014e-05,5.2417,18.355,26.394,47.605,67.658,1704.1,-0.035078,456.88,0.30387,liquid
300.0,4103.4,31244.0,3.2006e-05,5.239,18.372,26.374,47.617,67.66,1705.1,-0.03508,457.53,0.30415,liquid
300.0,4110.7,31252.0,3.1997e-05,5.2364,18.39,26.354,47.63,67.662,1706.0,-0.035082,458.19,0.30443,liquid
300.0,4118.1,31261.0,3.1989e-05,5.2338,18.407,26.333,47.642,67.664,1707.0,-0.035083,458.85,0.3047,liquid
300.0,4125.4,31269.0,3.1981e-05,5.2311,18.425,26.313,47.655,67.665,1708.0,-0.035085,459.51,0.30498,liquid
300.0,4132.8,31277.0,3.1973e-05,5.2285,18.442,26.293,47.667,67.667,1709.0,-0.035086,460.17,0.30526,liquid
300.0,4140.1,31285.0,3.1964e-05,5.2259,18.459,26.273,47.68,67.669,1709.9,-0.035088,460.83,0.30554,liquid
300.0,4147.5,31293.0,3.1956e-05,5.2233,18.477,26.253,47.692,67.671,1710.9,-0.03509,461.49,0.30581,liquid
300.0,4154.8,31301.0,3.1948e-05,5.2207,18.494,26.233,47.705,67.673,1711.9,-0.035091,462.15,0.30609,liquid
300.0,4162.2,31309.0,3.1939e-05,5.2181,18.512,26.213,47.717,67.675,1712.8,-0.035092,462.81,0.30637,liquid
300.0,4169.5,31317.0,3.1931e-05,5.2155,18.529,26.193,47.73,67.676,1713.8,-0.035094,463.47,0.30664,liquid
300.0,4176.9,31325.0,3.1923e-05,5.2129,18.547,26.172,47.742,67.678,1714.8,-0.035095,464.13,0.30692,liquid
300.0,4184.2,31333.0,3.1915e-05,5.2103,18.564,26.152,47.754,67.68,1715.7,-0.035097,464.79,0.3072,liquid
300.0,4191.5,31341.0,3.1907e-05,5.2078,18.582,26.133,47.767,67.682,1716.7,-0.035098,465.45,0.30748,liquid
300.0,4198.9,31349.0,3.1898e-05,5.2052,18.599,26.113,47.779,67.684,1717.7,-0.035099,466.11,0.30775,liquid
300.0,4206.2,31357.0,3.189e-05,5.2027,18.617,26.093,47.792,67.686,1718.6,-0.035101,466.77,0.30803,liquid
300.0,4213.6,31365.0,3.1882e-05,5.2001,18.634,26.073,47.804,67.688,1719.6,-0.035102,467.43,0.30831,liquid
300.0,4220.9,31373.0,3.1874e-05,5.1976,18.651,26.053,47.816,67.69,1720.5,-0.035103,468.1,0.30858,liquid
300.0,4228.3,31381.0,3.1866e-05,5.195,18.669,26.033,47.829,67.692,1721.5,-0.035105,468.76,0.30886,liquid
300.0,4235.6,31389.0,3.1858e-05,5.1925,18.686,26.013,47.841,67.694,1722.4,-0.035106,469.42,0.30913,liquid
300.0,4243.0,31397.0,3.185e-05,5.19,18.704,25.993,47.853,67.695,1723.4,-0.035107,470.08,0.30941,liquid
300.0,4250.3,31405.0,3.1842e-05,5.1875,18.721,25.974,47.866,67.697,1724.3,-0.035108,470.74,0.30969,liquid
300.0,4257.7,31413.0,3.1834e-05,5.185,18.739,25.954,47.878,67.699,1725.3,-0.035109,471.4,0.30996,liquid
300.0,4265.0,31421.0,3.1826e-05,5.1825,18.756,25.934,47.89,67.701,1726.2,-0.03511,472.07,0.31024,liquid
300.0,4272.4,31429.0,3.1818e-05,5.18,18.774,25.914,47.903,67.703,1727.2,-0.035112,472.73,0.31052,liquid
300.0,4279.7,31437.0,3.181e-05,5.1775,18.791,25.895,47.915,67.705,1728.1,-0.035113,473.39,0.31079,liquid
300.0,4287.1,31445.0,3.1802e-05,5.175,18.809,25.875,47.927,67.707,1729.1,-0.035114,474.05,0.31107,liquid
300.0,4294.4,31453.0,3.1794e-05,5.1725,18.826,25.855,47.94,67.709,1730.0,-0.035115,474.72,0.31134,liquid
300.0,4301.8,31461.0,3.1786e-05,5.1701,18.844,25.836,47.952,67.711,1731.0,-0.035116,475.38,0.31162,liquid
300.0,4309.1,31469.0,3.1778e-05,5.1676,18.861,25.816,47.964,67.714,1731.9,-0.035117,476.04,0.31189,liquid
300.0,4316.5,31476.0,3.177e-05,5.1651,18.879,25.796,47.976,67.716,1732.9,-0.035118,476.7,0.31217,liquid
300.0,4323.8,31484.0,3.1762e-05,5.1627,18.896,25.777,47.989,67.718,1733.8,-0.035119,477.37,0.31244,liquid
300.0,4331.2,31492.0,3.1754e-05,5.1602,18.913,25.757,48.001,67.72,1734.7,-0.03512,478.03,0.31272,liquid
300.0,4338.5,31500.0,3.1746e-05,5.1578,18.931,25.738,48.013,67.722,1735.7,-0.03512,478.69,0.313,liquid
300.0,4345.9,31508.0,3.1738e-05,5.1554,18.948,25.718,48.025,67.724,1736.6,-0.035121,479.36,0.31327,liquid
300.0,4353.2,31515.0,3.173e-05,5.153,18.966,25.699,48.038,67.726,1737.6,-0.035122,480.02,0.31355,liquid
300.0,4360.6,31523.0,3.1723e-05,5.1505,18.983,25.679,48.05,67.728,1738.5,-0.035123,480.68,0.31382,liquid
300.0,4367.9,31531.0,3.1715e-05,5.1481,19.001,25.66,48.062,67.73,1739.4,-0.035124,481.35,0.3141,liquid
300.0,4375.3,31539.0,3.1707e-05,5.1457,19.018,25.641,48.074,67.732,1740.3,-0.035125,482.01,0.31437,liquid
300.0,4382.6,31547.0,3.1699e-05,5.1433,19.036,25.621,48.086,67.734,1741.3,-0.035125,482.68,0.31465,liquid
300.0,4390.0,31554.0,3.1691e-05,5.1409,19.053,25.602,48.099,67.737,1742.2,-0.035126,483.34,0.31492,liquid
300.0,4397.3,31562.0,3.1684e-05,5.1386,19.071,25.583,48.111,67.739,1743.1,-0.035127,484.01,0.31519,liquid
300.0,4404.7,31570.0,3.1676e-05,5.1362,19.088,25.563,48.123,67.741,1744.1,-0.035128,484.67,0.31547,liquid
300.0,4412.0,31578.0,3.1668e-05,5.1338,19.106,25.544,48.135,67.743,1745.0,-0.035128,485.34,0.31574,liquid
